Class,Gene,Encodings
aminocoumarin,grlb,1
aminocoumarin,gyrb,1
aminocoumarin,nova,1
aminocoumarin,pare,1
aminoglycoside,2,2
aminoglycoside,a1oc_02073,2
aminoglycoside,a464_1655,2
aminoglycoside,a670_03335,2
aminoglycoside,a989_16023,2
aminoglycoside,aa309_10385,2
aminoglycoside,aac,2
aminoglycoside,aac(1),2
aminoglycoside,aac(2'),2
aminoglycoside,aac(3),2
aminoglycoside,aac(6'),2
aminoglycoside,aac(6')ib,2
aminoglycoside,aac2i,2
aminoglycoside,aac2ic,2
aminoglycoside,aac3,2
aminoglycoside,aac3viii,2
aminoglycoside,aac6,2
aminoglycoside,aaca,2
aminoglycoside,aaca4,2
aminoglycoside,aaca48,2
aminoglycoside,aaca7,2
aminoglycoside,aad(6),2
aminoglycoside,aad9,2
aminoglycoside,aad9ib,2
aminoglycoside,aada,2
aminoglycoside,aada1,2
aminoglycoside,aada11,2
aminoglycoside,aada12,2
aminoglycoside,aada13,2
aminoglycoside,aada14,2
aminoglycoside,aada15,2
aminoglycoside,aada16,2
aminoglycoside,aada17,2
aminoglycoside,aada1a,2
aminoglycoside,aada1ae,2
aminoglycoside,aada1an,2
aminoglycoside,aada1aq,2
aminoglycoside,aada1bp,2
aminoglycoside,aada1br,2
aminoglycoside,aada1bt,2
aminoglycoside,aada1h,2
aminoglycoside,aada1k,2
aminoglycoside,aada1t,2
aminoglycoside,aada2,2
aminoglycoside,aada21,2
aminoglycoside,aada22,2
aminoglycoside,aada23,2
aminoglycoside,aada23b,2
aminoglycoside,aada24,2
aminoglycoside,aada25,2
aminoglycoside,aada26,2
aminoglycoside,aada27,2
aminoglycoside,aada2a,2
aminoglycoside,aada2b,2
aminoglycoside,aada2c,2
aminoglycoside,aada3,2
aminoglycoside,aada3c,2
aminoglycoside,aada4,2
aminoglycoside,aada5,2
aminoglycoside,aada6,2
aminoglycoside,aada6/aada10,2
aminoglycoside,aada7,2
aminoglycoside,aada7e,2
aminoglycoside,aada8,2
aminoglycoside,aada8b,2
aminoglycoside,aada9,2
aminoglycoside,aadb,2
aminoglycoside,aadd,2
aminoglycoside,aade,2
aminoglycoside,aadk,2
aminoglycoside,aay84_08625,2
aminoglycoside,ab204_07245,2
aminoglycoside,ab839_00285,2
aminoglycoside,ab870_05350,2
aminoglycoside,abaz39_28550,2
aminoglycoside,abb26_03985,2
aminoglycoside,abb27_14230,2
aminoglycoside,abb31_12140,2
aminoglycoside,abw44_02935,2
aminoglycoside,abw45_03845,2
aminoglycoside,abw45_07695,2
aminoglycoside,ac230_04535,2
aminoglycoside,ac244_07670,2
aminoglycoside,ac88_5564,2
aminoglycoside,acinwc323_2837,2
aminoglycoside,acr52_17315,2
aminoglycoside,acr54_00646,2
aminoglycoside,acrd,2
aminoglycoside,adda2,2
aminoglycoside,adenylyltransferase,2
aminoglycoside,adk74_11615,2
aminoglycoside,ads79_16900,2
aminoglycoside,aeac466_20400,2
aminoglycoside,aev26_02385,2
aminoglycoside,aex30_06460,2
aminoglycoside,afk71_11355,2
aminoglycoside,agau_c200043,2
aminoglycoside,agro_4010,2
aminoglycoside,aha_2734,2
aminoglycoside,akg12_05750,2
aminoglycoside,akg99_27275,2
aminoglycoside,akj12_12675,2
aminoglycoside,am274_25265,2
aminoglycoside,am629_00230,2
aminoglycoside,amps,2
aminoglycoside,ams66_05610,2
aminoglycoside,ant,2
aminoglycoside,ant(2''),2
aminoglycoside,ant(3''),2
aminoglycoside,ant(4'),2
aminoglycoside,ant(6),2
aminoglycoside,ant(9),2
aminoglycoside,ant1,2
aminoglycoside,ant1_1,2
aminoglycoside,ant1_2,2
aminoglycoside,ant2ia,2
aminoglycoside,ant3,2
aminoglycoside,ant3ia,2
aminoglycoside,ant6,2
aminoglycoside,ao265_40620,2
aminoglycoside,ao964_14910,2
aminoglycoside,aog23_11490,2
aminoglycoside,aph,2
aminoglycoside,aph(2''),2
aminoglycoside,aph(3''),2
aminoglycoside,aph(3'),2
aminoglycoside,aph(4),2
aminoglycoside,aph(6),2
aminoglycoside,aph(7''),2
aminoglycoside,aph(9),2
aminoglycoside,aph3ia,2
aminoglycoside,aph3ic,2
aminoglycoside,aph3via,2
aminoglycoside,apha,2
aminoglycoside,apha3,2
aminoglycoside,apha6,2
aminoglycoside,aphe,2
aminoglycoside,apma,2
aminoglycoside,apt96_01115,2
aminoglycoside,aqz52_14750,2
aminoglycoside,ar275_08620,2
aminoglycoside,ar275_13080,2
aminoglycoside,ar275_20405,2
aminoglycoside,ar325_24545,2
aminoglycoside,arad_3392,2
aminoglycoside,arc02_10620,2
aminoglycoside,ard30_01020,2
aminoglycoside,arma,2
aminoglycoside,arn_33380,2
aminoglycoside,as145_08555,2
aminoglycoside,as4_23160,2
aminoglycoside,asc84_02630,2
aminoglycoside,asd14_09375,2
aminoglycoside,asd24_10300,2
aminoglycoside,asd29_31540,2
aminoglycoside,asd41_25500,2
aminoglycoside,asd46_12665,2
aminoglycoside,asd52_25030,2
aminoglycoside,asd52_30785,2
aminoglycoside,asd69_19860,2
aminoglycoside,asd74_10480,2
aminoglycoside,asd83_19545,2
aminoglycoside,asd85_11650,2
aminoglycoside,asd86_23995,2
aminoglycoside,ase45_04665,2
aminoglycoside,ase60_09885,2
aminoglycoside,ase85_08680,2
aminoglycoside,ase98_04520,2
aminoglycoside,asf14_19185,2
aminoglycoside,asg66_11460,2
aminoglycoside,at5a_08635,2
aminoglycoside,atb53_18915,2
aminoglycoside,ate62_07440,2
aminoglycoside,ate71_14205,2
aminoglycoside,au15_06645,2
aminoglycoside,avi_3210,2
aminoglycoside,axg53_04165,2
aminoglycoside,axyl_02534,2
aminoglycoside,axz07_12315,2
aminoglycoside,ayj56_20090,2
aminoglycoside,az78_1791,2
aminoglycoside,b2k_23630,2
aminoglycoside,b551_0203615,2
aminoglycoside,bazo_16289,2
aminoglycoside,bes08_20160,2
aminoglycoside,bg16_4198,2
aminoglycoside,bjb45_00760,2
aminoglycoside,bn1263320037,2
aminoglycoside,bn2069_36810,2
aminoglycoside,bn2156_03163,2
aminoglycoside,bn682_00261,2
aminoglycoside,bn77_3951,2
aminoglycoside,bn949_01517,2
aminoglycoside,bn979_01272,2
aminoglycoside,burjv3_1756,2
aminoglycoside,burps305_3406,2
aminoglycoside,buta,2
aminoglycoside,bv97_05195,2
aminoglycoside,bw38_01803,2
aminoglycoside,c100_12680,2
aminoglycoside,ccna_03676,2
aminoglycoside,cf161_04258,2
aminoglycoside,cfii64_02016,2
aminoglycoside,cfnih1_06155,2
aminoglycoside,cfsan001590_08465,2
aminoglycoside,cfsan002050_14495,2
aminoglycoside,cimit_00695,2
aminoglycoside,cn09_03395,2
aminoglycoside,cn97_05115,2
aminoglycoside,cpaa,2
aminoglycoside,cseg_4049,2
aminoglycoside,cv017_21525,2
aminoglycoside,cv_0230,2
aminoglycoside,d088_840008,2
aminoglycoside,d584_07793,2
aminoglycoside,da83_06175,2
aminoglycoside,df40_017605,2
aminoglycoside,dk26_15510,2
aminoglycoside,dk27_19345,2
aminoglycoside,dm57_06980,2
aminoglycoside,dm82_4268,2
aminoglycoside,dp46_5212,2
aminoglycoside,dp49_2125,2
aminoglycoside,dr95_1104,2
aminoglycoside,dt74_22125,2
aminoglycoside,ectphs_02421,2
aminoglycoside,ers008437_00710,2
aminoglycoside,ers008531_02079,2
aminoglycoside,ers008727_00138,2
aminoglycoside,ers370000_04144,2
aminoglycoside,ers381432_03028,2
aminoglycoside,ers381446_03540,2
aminoglycoside,ers381490_00812,2
aminoglycoside,ey04_31830,2
aminoglycoside,f888_03237,2
aminoglycoside,f889_00437,2
aminoglycoside,f892_02745,2
aminoglycoside,f895_03213,2
aminoglycoside,f896_01059,2
aminoglycoside,f898_03662,2
aminoglycoside,f902_01455,2
aminoglycoside,f903_02786,2
aminoglycoside,f904_00426,2
aminoglycoside,f909_03665,2
aminoglycoside,f926_02644,2
aminoglycoside,f933_03220,2
aminoglycoside,f964_03251,2
aminoglycoside,f966_00106,2
aminoglycoside,f971_00085,2
aminoglycoside,f991_01542,2
aminoglycoside,fd63_13310,2
aminoglycoside,ff80_02028,2
aminoglycoside,fg93_03207,2
aminoglycoside,fg94_04780,2
aminoglycoside,fmro,2
aminoglycoside,g039_0303925,2
aminoglycoside,g155_25620,2
aminoglycoside,gbp346_b3039,2
aminoglycoside,gidb,2
aminoglycoside,gle_1155,2
aminoglycoside,grm,2
aminoglycoside,h009_22258,2
aminoglycoside,halo3509,2
aminoglycoside,hch_03105,2
aminoglycoside,hmpref1170_03087,2
aminoglycoside,hmpref9349_04665,2
aminoglycoside,hmpref9548_03739,2
aminoglycoside,hmpref9710_02755,2
aminoglycoside,in69_18810,2
aminoglycoside,ip83_02945,2
aminoglycoside,ip84_09695,2
aminoglycoside,ip85_04510,2
aminoglycoside,iq60_37615,2
aminoglycoside,iv02_07790,2
aminoglycoside,iv66_gl000803,2
aminoglycoside,j057_11761,2
aminoglycoside,j522_3133,2
aminoglycoside,j537_2225,2
aminoglycoside,j635_4357,2
aminoglycoside,j699_02921,2
aminoglycoside,jcm10914_123,2
aminoglycoside,jcm19038_3715,2
aminoglycoside,jh26_07980,2
aminoglycoside,ji76_37075,2
aminoglycoside,jl05_07470,2
aminoglycoside,jm66_13945,2
aminoglycoside,jn27_22530,2
aminoglycoside,jp75_11845,2
aminoglycoside,k531_00085,2
aminoglycoside,kamb,2
aminoglycoside,kanr,2
aminoglycoside,kdpe,2
aminoglycoside,konih1_14625,2
aminoglycoside,krm,2
aminoglycoside,ks18_22820,2
aminoglycoside,l287_02619,2
aminoglycoside,l360_04877,2
aminoglycoside,l360_04906,2
aminoglycoside,l360_05017,2
aminoglycoside,l681_07815,2
aminoglycoside,l901_16330,2
aminoglycoside,l904_09415,2
aminoglycoside,la66_00505,2
aminoglycoside,la66_17590,2
aminoglycoside,la76x_1534,2
aminoglycoside,lc55x_1285,2
aminoglycoside,lfa_2422,2
aminoglycoside,lfz48_07285,2
aminoglycoside,lg3211_1185,2
aminoglycoside,lha_1702,2
aminoglycoside,lmg16407_00540,2
aminoglycoside,ls69_04805,2
aminoglycoside,ls81_08155,2
aminoglycoside,ltseala_2290,2
aminoglycoside,ltsebai_2519,2
aminoglycoside,ltsegiv_2167,2
aminoglycoside,ltseinv_2403,2
aminoglycoside,ltsemis_2197,2
aminoglycoside,ltsesen_2493,2
aminoglycoside,ltseurb_2311,2
aminoglycoside,lw14_04385,2
aminoglycoside,m001_13480,2
aminoglycoside,m670_04457,2
aminoglycoside,mb84_23135,2
aminoglycoside,med297_13282,2
aminoglycoside,meg1draft_00859,2
aminoglycoside,miclodraft_00068420,2
aminoglycoside,mmwyl1_0154,2
aminoglycoside,mprf,2
aminoglycoside,n182_21955,2
aminoglycoside,n183_18725,2
aminoglycoside,n184_17645,2
aminoglycoside,n185_34800,2
aminoglycoside,n783_03805,2
aminoglycoside,neimucot_06662,2
aminoglycoside,neo,2
aminoglycoside,neo_2,2
aminoglycoside,neo_3,2
aminoglycoside,ni25_18235,2
aminoglycoside,npma,2
aminoglycoside,ns258_08635,2
aminoglycoside,ns319_00625,2
aminoglycoside,o166_18240,2
aminoglycoside,o206_06725,2
aminoglycoside,o59_002518,2
aminoglycoside,p308_30500,2
aminoglycoside,parc,2
aminoglycoside,pj15_2890,2
aminoglycoside,pj20_20795,2
aminoglycoside,pmi03_00650,2
aminoglycoside,pmi20_02731,2
aminoglycoside,pmi32_04857,2
aminoglycoside,pmi33_05772,2
aminoglycoside,prax_0051,2
aminoglycoside,prio_2416,2
aminoglycoside,provalcal_00921,2
aminoglycoside,provrett_07612,2
aminoglycoside,pseen3982,2
aminoglycoside,psesu_0777,2
aminoglycoside,pvrr,2
aminoglycoside,pz61_34665,2
aminoglycoside,pz78_10490,2
aminoglycoside,q644_14880,2
aminoglycoside,qq25_05210,2
aminoglycoside,qq44_03550,2
aminoglycoside,qw71_31235,2
aminoglycoside,r70331_17715,2
aminoglycoside,rccge510_19333,2
aminoglycoside,rgccge502_01971,2
aminoglycoside,rgr602_pc02196,2
aminoglycoside,rhsp_08625,2
aminoglycoside,rleg10draft_4261,2
aminoglycoside,rleg2_2923,2
aminoglycoside,rleg4draft_4114,2
aminoglycoside,rleg9draft_6255,2
aminoglycoside,rmcfa_6206,2
aminoglycoside,rmta,2
aminoglycoside,rmtb,2
aminoglycoside,rmtc,2
aminoglycoside,rmtd,2
aminoglycoside,rmtf,2
aminoglycoside,rmtg,2
aminoglycoside,rmth,2
aminoglycoside,ro07_02130,2
aminoglycoside,ro22_05705,2
aminoglycoside,rp75_23205,2
aminoglycoside,rpsl,2
aminoglycoside,rrh01s_07_00240,2
aminoglycoside,rs75_08215,2
aminoglycoside,rtciat899_ch00745,2
aminoglycoside,saccydraft_2173,2
aminoglycoside,sact1_0352,2
aminoglycoside,sala_0666,2
aminoglycoside,samn02745223_02496,2
aminoglycoside,sat,2
aminoglycoside,sb4_14720,2
aminoglycoside,sbi_00203,2
aminoglycoside,seenin0b_01578,2
aminoglycoside,seet0819_14790,2
aminoglycoside,seho0a_01569,2
aminoglycoside,sei61121_11461,2
aminoglycoside,seka_a1070,2
aminoglycoside,sesa_a1736,2
aminoglycoside,sfhh103_00187,2
aminoglycoside,sg34_20990,2
aminoglycoside,sg9_1532,2
aminoglycoside,sgm,2
aminoglycoside,sk35_04809,2
aminoglycoside,sle_16300,2
aminoglycoside,smal_1717,2
aminoglycoside,smdb11_3538,2
aminoglycoside,smed_0125,2
aminoglycoside,spc_2116,2
aminoglycoside,spd,2
aminoglycoside,sros_3941,2
aminoglycoside,sse37_15566,2
aminoglycoside,ssud12_1342,2
aminoglycoside,stm14_1958,2
aminoglycoside,str,2
aminoglycoside,stra,2
aminoglycoside,strntr1_0556,2
aminoglycoside,strntr1_2718,2
aminoglycoside,sy87_28445,2
aminoglycoside,sy94_2150,2
aminoglycoside,sz54_3010,2
aminoglycoside,t458_13365,2
aminoglycoside,t630_4108,2
aminoglycoside,teh_23880,2
aminoglycoside,tlya,2
aminoglycoside,tm63_04555,2
aminoglycoside,to66_29130,2
aminoglycoside,tpa0598_07_06890,2
aminoglycoside,tq38_01765,2
aminoglycoside,tq38_26290,2
aminoglycoside,tu94_25875,2
aminoglycoside,u769_04250,2
aminoglycoside,ub43_11210,2
aminoglycoside,un86_29535,2
aminoglycoside,uq64_03725,2
aminoglycoside,v473_07990,2
aminoglycoside,ve25_06015,2
aminoglycoside,vi26_20275,2
aminoglycoside,vibniftn2_1190029,2
aminoglycoside,vk98_17900,2
aminoglycoside,vl04_15770,2
aminoglycoside,vl23_16705,2
aminoglycoside,vm57_08830,2
aminoglycoside,vn23_18795,2
aminoglycoside,vo68_05910,2
aminoglycoside,vo70_16065,2
aminoglycoside,vr73_12885,2
aminoglycoside,w7k_07820,2
aminoglycoside,wh87_16890,2
aminoglycoside,wh91_09680,2
aminoglycoside,wn59_12960,2
aminoglycoside,ws45_17420,2
aminoglycoside,ws62_05630,2
aminoglycoside,ws68_05870,2
aminoglycoside,ws70_17400,2
aminoglycoside,ws71_14620,2
aminoglycoside,ws72_29690,2
aminoglycoside,ws73_11565,2
aminoglycoside,ws86_18550,2
aminoglycoside,x971_2251,2
aminoglycoside,x980_4941,2
aminoglycoside,xa26_51950,2
aminoglycoside,xb05_09780,2
aminoglycoside,xdd1_0504,2
aminoglycoside,xm25_16535,2
aminoglycoside,xpu_0115,2
aminoglycoside,xpu_4042,2
aminoglycoside,xtalmg727_1576,2
aminoglycoside,xtplmg728_1044,2
aminoglycoside,xtplmg730_3131,2
aminoglycoside,xve_3490,2
aminoglycoside,y886_30125,2
aminoglycoside,yh67_08905,2
aminoglycoside,ymoll0001_20050,2
bacitracin,a245_07939,3
bacitracin,ase31_19850,3
bacitracin,baca,3
bacitracin,baca1,3
bacitracin,baca2,3
bacitracin,baha,3
bacitracin,bcra,3
bacitracin,bcrc,3
bacitracin,bcrd,3
bacitracin,be04_17150,3
bacitracin,be08_25670,3
bacitracin,be17_17935,3
bacitracin,be18_32075,3
bacitracin,be21_07815,3
bacitracin,csv86_02372,3
bacitracin,upk,3
bacitracin,uppp,3
bacitracin,uppp1,3
bacitracin,uppp2,3
bacitracin,uppp3,3
bacitracin,uppp5,3
bacitracin,uppp_1,3
bacitracin,uppp_2,3
bacitracin,uppp_3,3
bacitracin,uppp_4,3
bacitracin,uppp_5,3
bacitracin,v520_22670,3
bacitracin,yubb,3
beta_lactam,6,4
beta_lactam,a13w_03460,4
beta_lactam,a1sc_03510,4
beta_lactam,a1ws_00156,4
beta_lactam,a311_00288,4
beta_lactam,a31e_04029,4
beta_lactam,a3782_02695,4
beta_lactam,a3782_22205,4
beta_lactam,a3k91_1255,4
beta_lactam,a5726_00470,4
beta_lactam,a6804_08920,4
beta_lactam,a9196_14360,4
beta_lactam,a936_17376,4
beta_lactam,aa982_22440,4
beta_lactam,aa984_14190,4
beta_lactam,aav95_16190,4
beta_lactam,ab182_22595,4
beta_lactam,ab26_5212,4
beta_lactam,ab26_5377,4
beta_lactam,ab34_4949,4
beta_lactam,ab432_03435,4
beta_lactam,ab447_210840,4
beta_lactam,ab685_17190,4
beta_lactam,abv89_11680,4
beta_lactam,abw01_18255,4
beta_lactam,abw06_06170,4
beta_lactam,ac067_05550,4
beta_lactam,ac240_12925,4
beta_lactam,ac241_04730,4
beta_lactam,ac241_12335,4
beta_lactam,ac241_15790,4
beta_lactam,ac499_5646,4
beta_lactam,ac503_3575,4
beta_lactam,ac505_1001,4
beta_lactam,ac624_15330,4
beta_lactam,aca30_14580,4
beta_lactam,acc,4
beta_lactam,acin5021_2924,4
beta_lactam,acinnav57_2787,4
beta_lactam,acinwc141_2773,4
beta_lactam,acinwc323_3783,4
beta_lactam,acinwc487_2691,4
beta_lactam,acinwc743_0148,4
beta_lactam,acinwca92_2656,4
beta_lactam,acr52_25270,4
beta_lactam,acs78_21095,4
beta_lactam,acs92_11515,4
beta_lactam,acs92_18865,4
beta_lactam,acs95_02835,4
beta_lactam,acs95_07610,4
beta_lactam,act,4
beta_lactam,act4_020_00170,4
beta_lactam,acu52_03190,4
beta_lactam,acu57_19250,4
beta_lactam,acu81_15235,4
beta_lactam,acx03_24505,4
beta_lactam,acz11_19375,4
beta_lactam,adc,4
beta_lactam,adc56,4
beta_lactam,adc74,4
beta_lactam,adc75,4
beta_lactam,adc76,4
beta_lactam,adc77,4
beta_lactam,adc78,4
beta_lactam,adk43_05615,4
beta_lactam,adk70_19205,4
beta_lactam,adk76_27725,4
beta_lactam,adk86_10240,4
beta_lactam,adk97_23745,4
beta_lactam,adk98_37990,4
beta_lactam,adl21_29550,4
beta_lactam,adl27_50800,4
beta_lactam,adl32_22165,4
beta_lactam,ae24_04439,4
beta_lactam,aer,4
beta_lactam,af331_13055,4
beta_lactam,af332_00150,4
beta_lactam,af41_03335,4
beta_lactam,af42_04072,4
beta_lactam,afa91_26250,4
beta_lactam,afl22_19085,4
beta_lactam,afl42_15675,4
beta_lactam,afm11_22160,4
beta_lactam,aga26_18605,4
beta_lactam,ah4ak4_1197,4
beta_lactam,ah4ak4_4246,4
beta_lactam,aha_4258,4
beta_lactam,aim,4
beta_lactam,aj90_05610,4
beta_lactam,ak972_2544,4
beta_lactam,akg99_18240,4
beta_lactam,al012_16990,4
beta_lactam,al503_01490,4
beta_lactam,al504_23915,4
beta_lactam,al522_14075,4
beta_lactam,alo40_02551,4
beta_lactam,alo50_101023,4
beta_lactam,alo63_01502,4
beta_lactam,alo72_03788,4
beta_lactam,alo74_00598,4
beta_lactam,alo84_04992,4
beta_lactam,alo86_01849,4
beta_lactam,alo87_04986,4
beta_lactam,alo88_04947,4
beta_lactam,alo94_201046,4
beta_lactam,am232_20245,4
beta_lactam,am233_18505,4
beta_lactam,am266_00770,4
beta_lactam,am506_04660,4
beta_lactam,am629_10065,4
beta_lactam,amc98_05110,4
beta_lactam,ampa,4
beta_lactam,ampc,4
beta_lactam,ampc1,4
beta_lactam,ampc2,4
beta_lactam,ampc_1,4
beta_lactam,ampc_2,4
beta_lactam,amph,4
beta_lactam,amps,4
beta_lactam,amq68_09385,4
beta_lactam,amr94_02915,4
beta_lactam,amr94_07320,4
beta_lactam,amr94_10155,4
beta_lactam,ams61_14265,4
beta_lactam,ams64_00580,4
beta_lactam,ams64_05195,4
beta_lactam,an402_1544,4
beta_lactam,an402_4634,4
beta_lactam,an402_5201,4
beta_lactam,an672_11615,4
beta_lactam,and4_10224,4
beta_lactam,ao353_20470,4
beta_lactam,ao703_07405,4
beta_lactam,ao724_16170,4
beta_lactam,ao724_19535,4
beta_lactam,ao734_03905,4
beta_lactam,ao734_18570,4
beta_lactam,aox65_14345,4
beta_lactam,apb94_11310,4
beta_lactam,apd06_15965,4
beta_lactam,apd31_00100,4
beta_lactam,apeco2_00290,4
beta_lactam,apr47_42920,4
beta_lactam,apt89_02570,4
beta_lactam,apt89_22520,4
beta_lactam,apu02_07270,4
beta_lactam,apu18_25380,4
beta_lactam,aqu,4
beta_lactam,as145_19545,4
beta_lactam,as145_22975,4
beta_lactam,as180_17385,4
beta_lactam,as188_14525,4
beta_lactam,as202_10895,4
beta_lactam,as888_05355,4
beta_lactam,asa01s_002_00950,4
beta_lactam,asa01s_103_00100,4
beta_lactam,asc64_11900,4
beta_lactam,asc78_12905,4
beta_lactam,asc92_22490,4
beta_lactam,asc94_15090,4
beta_lactam,asd05_04445,4
beta_lactam,asd06_10205,4
beta_lactam,asd1617_05767,4
beta_lactam,asd16_16550,4
beta_lactam,asd34_02750,4
beta_lactam,ase04_11055,4
beta_lactam,ase46_13595,4
beta_lactam,ase48_07805,4
beta_lactam,ase51_07330,4
beta_lactam,ase99_23780,4
beta_lactam,asf13_11450,4
beta_lactam,asf86_08960,4
beta_lactam,asg61_24945,4
beta_lactam,asg65_27855,4
beta_lactam,asg66_02340,4
beta_lactam,asg76_13535,4
beta_lactam,asg97_25155,4
beta_lactam,asg98_06885,4
beta_lactam,asg99_21105,4
beta_lactam,ash00_00180,4
beta_lactam,asu65_19610,4
beta_lactam,asv07_20330,4
beta_lactam,asv18_09260,4
beta_lactam,at258_05650,4
beta_lactam,at258_08370,4
beta_lactam,at258_18160,4
beta_lactam,at258_18265,4
beta_lactam,at261_04240,4
beta_lactam,at261_08945,4
beta_lactam,at267_09870,4
beta_lactam,at268_05175,4
beta_lactam,at269_19070,4
beta_lactam,at269_23675,4
beta_lactam,at269_26200,4
beta_lactam,at270_13635,4
beta_lactam,at270_14340,4
beta_lactam,at272_02940,4
beta_lactam,at274_14125,4
beta_lactam,atn06_12140,4
beta_lactam,atn06_12195,4
beta_lactam,atn06_17210,4
beta_lactam,aty39_14210,4
beta_lactam,au186_01365,4
beta_lactam,au188_10735,4
beta_lactam,au192_24225,4
beta_lactam,au195_01160,4
beta_lactam,au385_04395,4
beta_lactam,aul54_04575,4
beta_lactam,av650_16790,4
beta_lactam,av650_16940,4
beta_lactam,av650_28380,4
beta_lactam,aw879_21740,4
beta_lactam,awb71_00260,4
beta_lactam,awb73_01647,4
beta_lactam,awb74_01351,4
beta_lactam,awb75_03765,4
beta_lactam,awb76_01197,4
beta_lactam,awb77_01135,4
beta_lactam,awb79_01201,4
beta_lactam,awb80_07683,4
beta_lactam,awb81_03660,4
beta_lactam,awb82_05438,4
beta_lactam,awb83_03995,4
beta_lactam,awi28_19250,4
beta_lactam,awt69_002012,4
beta_lactam,aww70_04275,4
beta_lactam,aww70_18715,4
beta_lactam,aww70_20720,4
beta_lactam,aww70_26290,4
beta_lactam,aww73_04470,4
beta_lactam,awx17_11465,4
beta_lactam,ax282_13510,4
beta_lactam,axf37_08125,4
beta_lactam,axw78_12100,4
beta_lactam,axw78_15340,4
beta_lactam,axx16_2525,4
beta_lactam,ayk81_05465,4
beta_lactam,ayk81_08635,4
beta_lactam,ayk81_28945,4
beta_lactam,az46_0221210,4
beta_lactam,b224_1061,4
beta_lactam,b224_5390,4
beta_lactam,b4077_0876,4
beta_lactam,b4077_2344,4
beta_lactam,b4077_2467,4
beta_lactam,b4077_2479,4
beta_lactam,b4077_3831,4
beta_lactam,b4079_1038,4
beta_lactam,b4079_5004,4
beta_lactam,b4080_2229,4
beta_lactam,b4080_3222,4
beta_lactam,b4147_1099,4
beta_lactam,b4147_2149,4
beta_lactam,b4147_2161,4
beta_lactam,b4147_3683,4
beta_lactam,b479_27189,4
beta_lactam,b590_12618,4
beta_lactam,b878_10312,4
beta_lactam,b932_2238,4
beta_lactam,ba1draft_00723,4
beta_lactam,ba1draft_04049,4
beta_lactam,baba_00315,4
beta_lactam,baba_08541,4
beta_lactam,bacsa_2220,4
beta_lactam,bacste_01456,4
beta_lactam,baga_16895,4
beta_lactam,balh_2254,4
beta_lactam,bama_03925,4
beta_lactam,bama_18520,4
beta_lactam,bamb_6103,4
beta_lactam,bamiop4010draft_1403,4
beta_lactam,bammc406_5864,4
beta_lactam,bammex5draft_6573,4
beta_lactam,bamy6639_17555,4
beta_lactam,bc1001_5831,4
beta_lactam,bc1002_3846,4
beta_lactam,bc1003_5870,4
beta_lactam,bcah1134_3258,4
beta_lactam,bcah1134_c0540,4
beta_lactam,bce_2539,4
beta_lactam,bcen_5713,4
beta_lactam,bcenmc03_6561,4
beta_lactam,bcep18194_c7532,4
beta_lactam,bcere0002_56900,4
beta_lactam,bcere0004_22910,4
beta_lactam,bcere0005_28330,4
beta_lactam,bcere0006_22950,4
beta_lactam,bcere0007_25250,4
beta_lactam,bcere0009_22280,4
beta_lactam,bcere0013_22950,4
beta_lactam,bcere0014_24730,4
beta_lactam,bcere0016_23450,4
beta_lactam,bcere0018_55180,4
beta_lactam,bcere0019_24820,4
beta_lactam,bcere0020_8040,4
beta_lactam,bcere0021_23020,4
beta_lactam,bcere0023_23150,4
beta_lactam,bcere0023_30080,4
beta_lactam,bcere0023_30420,4
beta_lactam,bcere0025_28660,4
beta_lactam,bcere0026_25030,4
beta_lactam,bcere0028_22820,4
beta_lactam,bcere0029_52090,4
beta_lactam,bcere0029_8350,4
beta_lactam,bcerkbab4_0809,4
beta_lactam,bcerkbab4_2421,4
beta_lactam,bcg9842_b2020,4
beta_lactam,bcg9842_b2862,4
beta_lactam,bch11draft_01667,4
beta_lactam,bci,4
beta_lactam,bcii,4
beta_lactam,bcl1,4
beta_lactam,bcpg_05352,4
beta_lactam,bcrft9_01992,4
beta_lactam,bd94_2866,4
beta_lactam,bel,4
beta_lactam,bg10_6439,4
beta_lactam,bg10_6932,4
beta_lactam,bg16_6038,4
beta_lactam,bgla_2g26610,4
beta_lactam,bgramdraft_5618,4
beta_lactam,bh160draft_5418,4
beta_lactam,bjp,4
beta_lactam,bl1_ampc,4
beta_lactam,bl1_asba,4
beta_lactam,bl1_ceps,4
beta_lactam,bl1_cmy2,4
beta_lactam,bl1_ec,4
beta_lactam,bl1_fox,4
beta_lactam,bl1_pao,4
beta_lactam,bl1_pse,4
beta_lactam,bl1_sm,4
beta_lactam,bl2a_1,4
beta_lactam,bl2a_iii,4
beta_lactam,bl2a_iii2,4
beta_lactam,bl2a_kcc,4
beta_lactam,bl2a_okp,4
beta_lactam,bl2a_pc,4
beta_lactam,bl2b_tem1,4
beta_lactam,bl2b_ula,4
beta_lactam,bl2be_ctxm,4
beta_lactam,bl2be_shv2,4
beta_lactam,bl2c_pse3,4
beta_lactam,bl2d_moxa,4
beta_lactam,bl2d_oxa1,4
beta_lactam,bl2d_oxa9,4
beta_lactam,bl2e_cepa,4
beta_lactam,bl2e_cfxa,4
beta_lactam,bl2e_fpm,4
beta_lactam,bl2e_y56,4
beta_lactam,bl3_cit,4
beta_lactam,bl3_l,4
beta_lactam,bl3_shw,4
beta_lactam,bla,4
beta_lactam,bla(ampc,4
beta_lactam,bla(ampc),4
beta_lactam,bla(ctx,4
beta_lactam,bla(imi,4
beta_lactam,bla1,4
beta_lactam,bla2,4
beta_lactam,bla_1,4
beta_lactam,bla_2,4
beta_lactam,blaa,4
beta_lactam,blaa_1,4
beta_lactam,blaacc,4
beta_lactam,blaact,4
beta_lactam,blaadc,4
beta_lactam,blaampc,4
beta_lactam,blaaqu,4
beta_lactam,blab,4
beta_lactam,blab1,4
beta_lactam,blacarb,4
beta_lactam,blacep02,4
beta_lactam,blacep04,4
beta_lactam,blacep05,4
beta_lactam,blacgb,4
beta_lactam,blaci,4
beta_lactam,blacmg,4
beta_lactam,blacmh,4
beta_lactam,blacmy,4
beta_lactam,blacpha,4
beta_lactam,blacphah5,4
beta_lactam,blactx,4
beta_lactam,blactxm,4
beta_lactam,bladha,4
beta_lactam,blaf,4
beta_lactam,blafona,4
beta_lactam,blafox,4
beta_lactam,blages,4
beta_lactam,blages16,4
beta_lactam,blagil,4
beta_lactam,blagim,4
beta_lactam,blai,4
beta_lactam,blaimi,4
beta_lactam,blaimp,4
beta_lactam,blakpc,4
beta_lactam,blalap,4
beta_lactam,blalen,4
beta_lactam,blalen12,4
beta_lactam,blamir,4
beta_lactam,blamox,4
beta_lactam,blandm,4
beta_lactam,blaokp,4
beta_lactam,blaorn,4
beta_lactam,blaoxa,4
beta_lactam,blaoxa114,4
beta_lactam,blaoxa243,4
beta_lactam,blaoxa243e,4
beta_lactam,blaoxa364,4
beta_lactam,blaoxa58,4
beta_lactam,blaoxy,4
beta_lactam,blaoxy2,4
beta_lactam,blap,4
beta_lactam,blap1,4
beta_lactam,blap1b,4
beta_lactam,blapdc,4
beta_lactam,blaper,4
beta_lactam,blapla,4
beta_lactam,blapla2a,4
beta_lactam,blapse,4
beta_lactam,blar1,4
beta_lactam,blarahn,4
beta_lactam,blasfo,4
beta_lactam,blashv,4
beta_lactam,blat,4
beta_lactam,blatem,4
beta_lactam,blatem1,4
beta_lactam,blater,4
beta_lactam,blau,4
beta_lactam,blaveb,4
beta_lactam,blawin,4
beta_lactam,blaz,4
beta_lactam,blaz1,4
beta_lactam,blaz2,4
beta_lactam,blaz_1,4
beta_lactam,blaz_2,4
beta_lactam,blazeg,4
beta_lactam,blc,4
beta_lactam,bleg1_0471,4
beta_lactam,blm,4
beta_lactam,bn1007_71037,4
beta_lactam,bn1047_01714,4
beta_lactam,bn1182_az_01360,4
beta_lactam,bn1183_av_01670,4
beta_lactam,bn1184_aw_00460,4
beta_lactam,bn1200_380071,4
beta_lactam,bn1200_410167,4
beta_lactam,bn128_875,4
beta_lactam,bn130_665,4
beta_lactam,bn132_459,4
beta_lactam,bn133_883,4
beta_lactam,bn137_2547,4
beta_lactam,bn2127_jrs10_05047,4
beta_lactam,bn2156_01817,4
beta_lactam,bn2497_10997,4
beta_lactam,bn477_01630,4
beta_lactam,bn487_00430,4
beta_lactam,bn537_02049,4
beta_lactam,bn812_02170,4
beta_lactam,bn844_1770,4
beta_lactam,bn975_00919,4
beta_lactam,bn977_05631,4
beta_lactam,bn978_04976,4
beta_lactam,bn979_03200,4
beta_lactam,bpmyx0001_49550,4
beta_lactam,brpe67_dcds05660,4
beta_lactam,bsfg_01962,4
beta_lactam,bsfg_02190,4
beta_lactam,bsi_39800,4
beta_lactam,bslm_2003,4
beta_lactam,bsonl12_02412,4
beta_lactam,bssc8_23670,4
beta_lactam,btcbt_005890,4
beta_lactam,btcbt_007483,4
beta_lactam,btdb27_002992,4
beta_lactam,btg_03330,4
beta_lactam,bth_ii1450,4
beta_lactam,bthur0004_59380,4
beta_lactam,bthur0007_56400,4
beta_lactam,bthur0007_60310,4
beta_lactam,bthur0008_29430,4
beta_lactam,bthur0010_22750,4
beta_lactam,bthur0012_23150,4
beta_lactam,bthur0012_55600,4
beta_lactam,bthur0013_24150,4
beta_lactam,bthur0013_31230,4
beta_lactam,bu55_14045,4
beta_lactam,buph_00023,4
beta_lactam,burmucf2_a0294,4
beta_lactam,burmucf2_b0489,4
beta_lactam,burmucgd1_3867,4
beta_lactam,burmucgd1_6280,4
beta_lactam,burmucgd2_4198,4
beta_lactam,burmucgd2_6517,4
beta_lactam,but,4
beta_lactam,bw21_4524,4
beta_lactam,bw21_4525,4
beta_lactam,bw70_08010,4
beta_lactam,bw79_11640,4
beta_lactam,bx52_14575,4
beta_lactam,bxe_b1593,4
beta_lactam,by96_00445,4
beta_lactam,byi23_d003950,4
beta_lactam,c169_12522,4
beta_lactam,c175_21593,4
beta_lactam,c273_11186,4
beta_lactam,c273_11191,4
beta_lactam,c667_02293,4
beta_lactam,c797_14977,4
beta_lactam,c801_02901,4
beta_lactam,carb,4
beta_lactam,carb6,4
beta_lactam,cau,4
beta_lactam,cbla,4
beta_lactam,ccc_03326,4
beta_lactam,ccra,4
beta_lactam,cepa,4
beta_lactam,ceph,4
beta_lactam,ceps,4
beta_lactam,cf70_016075,4
beta_lactam,cfe,4
beta_lactam,cfla,4
beta_lactam,cfnih1_08415,4
beta_lactam,cft11,4
beta_lactam,cfxa,4
beta_lactam,cfxa2,4
beta_lactam,cfxa3,4
beta_lactam,cfxa4,4
beta_lactam,cfxa5,4
beta_lactam,cfxa6,4
beta_lactam,cgb,4
beta_lactam,cifam_04_03080,4
beta_lactam,cks_2901,4
beta_lactam,class,4
beta_lactam,classc,4
beta_lactam,cmy,4
beta_lactam,co98_2386,4
beta_lactam,cpha,4
beta_lactam,cpha1,4
beta_lactam,cpha2,4
beta_lactam,cpha4,4
beta_lactam,cpha5,4
beta_lactam,cpha6,4
beta_lactam,cpha7,4
beta_lactam,cpha8,4
beta_lactam,cps,4
beta_lactam,csf007_10040,4
beta_lactam,csv86_16915,4
beta_lactam,ctx,4
beta_lactam,cuy_1556,4
beta_lactam,cy96_16185,4
beta_lactam,cy96_28755,4
beta_lactam,d046_1762a,4
beta_lactam,d505_09853,4
beta_lactam,d781_2591,4
beta_lactam,d782_4108,4
beta_lactam,dh17_02625,4
beta_lactam,dha,4
beta_lactam,dim,4
beta_lactam,dm39_6529,4
beta_lactam,dm41_7074,4
beta_lactam,dm42_6630,4
beta_lactam,dm43_4431,4
beta_lactam,dm82_6292,4
beta_lactam,dm82_6293,4
beta_lactam,dsx2_1119,4
beta_lactam,dw66_2804,4
beta_lactam,ebged10_21460,4
beta_lactam,ebged10_60890,4
beta_lactam,ebl_c13230,4
beta_lactam,ebr,4
beta_lactam,ec34880_4995,4
beta_lactam,ec81_0210815,4
beta_lactam,ec970259_5036,4
beta_lactam,ec990741_4783,4
beta_lactam,eccg_02785,4
beta_lactam,ecd227_3785,4
beta_lactam,ecdg_02574,4
beta_lactam,eceg_02802,4
beta_lactam,ecig_03089,4
beta_lactam,ecpg_01411,4
beta_lactam,ecw26_04230,4
beta_lactam,edwata_03336,4
beta_lactam,ejp617_16750,4
beta_lactam,el75_4012,4
beta_lactam,el76_4246,4
beta_lactam,ent638_0339,4
beta_lactam,entas_0373,4
beta_lactam,entcl_2980,4
beta_lactam,ep46_05115,4
beta_lactam,er45_13820,4
beta_lactam,er45_18715,4
beta_lactam,erfg_03731,4
beta_lactam,ers020515_01168,4
beta_lactam,ers133249_01683,4
beta_lactam,ers232495_02549,4
beta_lactam,eryg_00252,4
beta_lactam,esp,4
beta_lactam,etaf_2879,4
beta_lactam,exo,4
beta_lactam,ey04_27815,4
beta_lactam,f384_08595,4
beta_lactam,f652_3146,4
beta_lactam,f885_03600,4
beta_lactam,f886_03127,4
beta_lactam,f887_03629,4
beta_lactam,f888_00556,4
beta_lactam,f889_00606,4
beta_lactam,f889_02977,4
beta_lactam,f892_03691,4
beta_lactam,f895_00055,4
beta_lactam,f895_00180,4
beta_lactam,f896_00546,4
beta_lactam,f898_01135,4
beta_lactam,f900_03302,4
beta_lactam,f901_01005,4
beta_lactam,f902_01178,4
beta_lactam,f903_00442,4
beta_lactam,f904_01163,4
beta_lactam,f907_00108,4
beta_lactam,f907_00233,4
beta_lactam,f909_00850,4
beta_lactam,f911_01258,4
beta_lactam,f918_01058,4
beta_lactam,f922_01082,4
beta_lactam,f926_00636,4
beta_lactam,f926_00791,4
beta_lactam,f927_00802,4
beta_lactam,f927_00938,4
beta_lactam,f929_03476,4
beta_lactam,f931_00293,4
beta_lactam,f933_01738,4
beta_lactam,f934_00954,4
beta_lactam,f935_00535,4
beta_lactam,f935_01490,4
beta_lactam,f937_01700,4
beta_lactam,f938_04047,4
beta_lactam,f942_03152,4
beta_lactam,f943_03244,4
beta_lactam,f944_03268,4
beta_lactam,f945_02224,4
beta_lactam,f945_03287,4
beta_lactam,f946_02659,4
beta_lactam,f948_02950,4
beta_lactam,f949_00487,4
beta_lactam,f950_00947,4
beta_lactam,f958_01824,4
beta_lactam,f959_01064,4
beta_lactam,f961_00589,4
beta_lactam,f962_01147,4
beta_lactam,f963_03263,4
beta_lactam,f964_04530,4
beta_lactam,f966_01227,4
beta_lactam,f968_01046,4
beta_lactam,f969_01910,4
beta_lactam,f971_01394,4
beta_lactam,f981_03472,4
beta_lactam,f985_01857,4
beta_lactam,f987_03249,4
beta_lactam,f990_01630,4
beta_lactam,f991_03391,4
beta_lactam,f992_00626,4
beta_lactam,f993_03488,4
beta_lactam,f994_00202,4
beta_lactam,f994_00492,4
beta_lactam,fez,4
beta_lactam,fg93_02833,4
beta_lactam,fona,4
beta_lactam,fox,4
beta_lactam,g113_02924,4
beta_lactam,g114_05220,4
beta_lactam,g155_12500,4
beta_lactam,g736_04738,4
beta_lactam,g893_03727,4
beta_lactam,g938_04594,4
beta_lactam,g994_04412,4
beta_lactam,ga0061061_103121,4
beta_lactam,gbp346_b2158,4
beta_lactam,geam_1268,4
beta_lactam,ges,4
beta_lactam,ghal_0542,4
beta_lactam,gim,4
beta_lactam,gj12_25360,4
beta_lactam,glad_03960,4
beta_lactam,glgr_3506,4
beta_lactam,glob,4
beta_lactam,gm18_2318,4
beta_lactam,gm31_01230,4
beta_lactam,gob,4
beta_lactam,gs18_0220900,4
beta_lactam,gyra,4
beta_lactam,h334_07645,4
beta_lactam,h735_14730,4
beta_lactam,halo4343,4
beta_lactam,hdef_1020,4
beta_lactam,hmb,4
beta_lactam,hmpref0012_00293,4
beta_lactam,hmpref0026_02236,4
beta_lactam,hmpref0201_00190,4
beta_lactam,hmpref0454_01344,4
beta_lactam,hmpref0661_08100,4
beta_lactam,hmpref0665_02624,4
beta_lactam,hmpref0864_03634,4
beta_lactam,hmpref0880_00216,4
beta_lactam,hmpref1013_04536,4
beta_lactam,hmpref1016_00481,4
beta_lactam,hmpref1016_02750,4
beta_lactam,hmpref1168_00877,4
beta_lactam,hmpref1168_01600,4
beta_lactam,hmpref1170_00477,4
beta_lactam,hmpref1170_03745,4
beta_lactam,hmpref1171_00331,4
beta_lactam,hmpref1171_03569,4
beta_lactam,hmpref1171_04302,4
beta_lactam,hmpref1181_02941,4
beta_lactam,hmpref1486_01041,4
beta_lactam,hmpref1505_1825,4
beta_lactam,hmpref1562_2717,4
beta_lactam,hmpref1564_1833,4
beta_lactam,hmpref1568_2704,4
beta_lactam,hmpref1589_03333,4
beta_lactam,hmpref1590_01078,4
beta_lactam,hmpref1595_03072,4
beta_lactam,hmpref1598_02173,4
beta_lactam,hmpref1604_00910,4
beta_lactam,hmpref1608_01663,4
beta_lactam,hmpref1616_02804,4
beta_lactam,hmpref1620_00207,4
beta_lactam,hmpref3040_03041,4
beta_lactam,hmpref3212_03797,4
beta_lactam,hmpref3215_00041,4
beta_lactam,hmpref9145_0517,4
beta_lactam,hmpref9209_0012,4
beta_lactam,hmpref9296_1218,4
beta_lactam,hmpref9302_06045,4
beta_lactam,hmpref9303_0778,4
beta_lactam,hmpref9345_01600,4
beta_lactam,hmpref9347_01147,4
beta_lactam,hmpref9445_00715,4
beta_lactam,hmpref9446_00361,4
beta_lactam,hmpref9530_05369,4
beta_lactam,hmpref9534_03446,4
beta_lactam,hmpref9535_00934,4
beta_lactam,hmpref9536_03967,4
beta_lactam,hmpref9540_04473,4
beta_lactam,hmpref9541_02592,4
beta_lactam,hmpref9542_01934,4
beta_lactam,hmpref9543_03168,4
beta_lactam,hmpref9547_03543,4
beta_lactam,hmpref9548_00703,4
beta_lactam,hmpref9552_03771,4
beta_lactam,hq37_03235,4
beta_lactam,i1a_001895,4
beta_lactam,ic1_02470,4
beta_lactam,ic3_00736,4
beta_lactam,ic3_00832,4
beta_lactam,ica_01678,4
beta_lactam,ica_02389,4
beta_lactam,ica_05539,4
beta_lactam,icc_02134,4
beta_lactam,icc_03068,4
beta_lactam,icc_04623,4
beta_lactam,ice_00194,4
beta_lactam,ice_01755,4
beta_lactam,ice_02490,4
beta_lactam,icg_02197,4
beta_lactam,icg_03066,4
beta_lactam,ics_02171,4
beta_lactam,ics_02473,4
beta_lactam,ics_03162,4
beta_lactam,ics_04670,4
beta_lactam,ics_05495,4
beta_lactam,ics_05617,4
beta_lactam,icu_02593,4
beta_lactam,icy_02429,4
beta_lactam,ie3_02148,4
beta_lactam,ie3_02842,4
beta_lactam,ie3_02950,4
beta_lactam,ie3_04466,4
beta_lactam,ie7_03007,4
beta_lactam,ie7_03202,4
beta_lactam,ie7_05371,4
beta_lactam,iee_01997,4
beta_lactam,iee_02720,4
beta_lactam,iee_02800,4
beta_lactam,iee_04287,4
beta_lactam,iei_01625,4
beta_lactam,iei_02596,4
beta_lactam,iei_02607,4
beta_lactam,iem_00124,4
beta_lactam,iem_00219,4
beta_lactam,iem_00965,4
beta_lactam,iem_04389,4
beta_lactam,ieo_00372,4
beta_lactam,ieo_01947,4
beta_lactam,ieo_02650,4
beta_lactam,ieo_02954,4
beta_lactam,ieq_02112,4
beta_lactam,ig3_01953,4
beta_lactam,ig3_02100,4
beta_lactam,ig3_02951,4
beta_lactam,ig7_00746,4
beta_lactam,ig7_02318,4
beta_lactam,ig7_02420,4
beta_lactam,ig9_00087,4
beta_lactam,ig9_02611,4
beta_lactam,ig9_04086,4
beta_lactam,iga_01699,4
beta_lactam,iga_01835,4
beta_lactam,iga_06067,4
beta_lactam,igc_02121,4
beta_lactam,igc_02894,4
beta_lactam,igc_03027,4
beta_lactam,igc_04560,4
beta_lactam,ige_02454,4
beta_lactam,igm_02891,4
beta_lactam,igm_02948,4
beta_lactam,ii3_04930,4
beta_lactam,ii3_05048,4
beta_lactam,ii5_01596,4
beta_lactam,ii5_01808,4
beta_lactam,ii5_02520,4
beta_lactam,ii9_02182,4
beta_lactam,ii9_03025,4
beta_lactam,iia_02962,4
beta_lactam,iic_01061,4
beta_lactam,iic_03106,4
beta_lactam,iie_01790,4
beta_lactam,iig_02323,4
beta_lactam,iii_02053,4
beta_lactam,iii_02866,4
beta_lactam,iii_02965,4
beta_lactam,iii_04425,4
beta_lactam,iik_01494,4
beta_lactam,iik_02331,4
beta_lactam,iim_01640,4
beta_lactam,iim_01725,4
beta_lactam,iio_01657,4
beta_lactam,iio_02293,4
beta_lactam,iio_02555,4
beta_lactam,iio_05852,4
beta_lactam,iiq_01397,4
beta_lactam,iiq_01478,4
beta_lactam,iiq_02275,4
beta_lactam,iiu_01966,4
beta_lactam,iiu_02022,4
beta_lactam,iiu_05053,4
beta_lactam,iiu_05321,4
beta_lactam,iiu_05946,4
beta_lactam,ik1_00219,4
beta_lactam,ik1_01687,4
beta_lactam,ik1_01787,4
beta_lactam,ik7_02258,4
beta_lactam,ik9_01490,4
beta_lactam,ik9_05831,4
beta_lactam,ika_02882,4
beta_lactam,ikc_03480,4
beta_lactam,ikc_04835,4
beta_lactam,ike_02459,4
beta_lactam,ike_05732,4
beta_lactam,ikg_02331,4
beta_lactam,ikg_05810,4
beta_lactam,ikk_02337,4
beta_lactam,ikm_04476,4
beta_lactam,iko_00402,4
beta_lactam,iko_01882,4
beta_lactam,iko_01971,4
beta_lactam,iko_02723,4
beta_lactam,ikq_00440,4
beta_lactam,ikq_02047,4
beta_lactam,ikq_02135,4
beta_lactam,ikq_02969,4
beta_lactam,iks_03141,4
beta_lactam,iks_04788,4
beta_lactam,il1808,4
beta_lactam,imcc9480_1114,4
beta_lactam,imi,4
beta_lactam,imih,4
beta_lactam,imis,4
beta_lactam,imp,4
beta_lactam,ind,4
beta_lactam,iv01_13870,4
beta_lactam,ix87_08585,4
beta_lactam,j518_0781,4
beta_lactam,j529_1700,4
beta_lactam,j530_3011,4
beta_lactam,j532_3674,4
beta_lactam,j658_0368,4
beta_lactam,j663_0615,4
beta_lactam,jcm18903_723,4
beta_lactam,jcm18904_2380,4
beta_lactam,jcm18905_2314,4
beta_lactam,jcm18905_3838,4
beta_lactam,jcm19045_414,4
beta_lactam,jcm19046_4801,4
beta_lactam,jcm19047_2965,4
beta_lactam,jcm19047_3672,4
beta_lactam,jcm19052_2163,4
beta_lactam,jcm19231_3832,4
beta_lactam,jcm9152_3453,4
beta_lactam,jd73_27665,4
beta_lactam,jm66_04455,4
beta_lactam,jm66_05320,4
beta_lactam,jm78_10775,4
beta_lactam,john,4
beta_lactam,jt31_10470,4
beta_lactam,k151_1439,4
beta_lactam,k678_12262,4
beta_lactam,k788_0004543,4
beta_lactam,k931_20132,4
beta_lactam,kf707c_27510,4
beta_lactam,khm,4
beta_lactam,klua,4
beta_lactam,knn_02707,4
beta_lactam,knn_03447,4
beta_lactam,knn_06295,4
beta_lactam,ko116_04145,4
beta_lactam,konih1_31700,4
beta_lactam,kpc,4
beta_lactam,kpnj1_05814,4
beta_lactam,kpnj2_05580,4
beta_lactam,kq1_00834,4
beta_lactam,kq1_03079,4
beta_lactam,kq1_03380,4
beta_lactam,kq3_05130,4
beta_lactam,kr51_00036950,4
beta_lactam,ks04_10900,4
beta_lactam,ks08_06180,4
beta_lactam,ks18_02580,4
beta_lactam,kuc_0987,4
beta_lactam,kvr801_180132,4
beta_lactam,ky49_1937,4
beta_lactam,l1,4
beta_lactam,l292_2194,4
beta_lactam,l360_00404,4
beta_lactam,l370_01734,4
beta_lactam,l580_0112,4
beta_lactam,l580_0134,4
beta_lactam,l581_3703,4
beta_lactam,l581_3751,4
beta_lactam,l810_4248,4
beta_lactam,lani_0856,4
beta_lactam,lat,4
beta_lactam,lche_0322,4
beta_lactam,lcin_2538,4
beta_lactam,lcr,4
beta_lactam,ldro_1246,4
beta_lactam,ldum_0387,4
beta_lactam,len,4
beta_lactam,lgra_3373,4
beta_lactam,lh23_07270,4
beta_lactam,llo_1201,4
beta_lactam,lnau_0681,4
beta_lactam,lp12_1556,4
beta_lactam,lpl1405,4
beta_lactam,lqua_0403,4
beta_lactam,lqui_2697,4
beta_lactam,lr61_11945,4
beta_lactam,lra,4
beta_lactam,lsai_2249,4
beta_lactam,lsan_0267,4
beta_lactam,lste_0698,4
beta_lactam,lstg_3325,4
beta_lactam,lt85_1566,4
beta_lactam,ltuc_1273,4
beta_lactam,lwor_0132,4
beta_lactam,m001_07410,4
beta_lactam,m001_11900,4
beta_lactam,m2e15_0562,4
beta_lactam,m445_07545,4
beta_lactam,m992_2411,4
beta_lactam,ma13_contig00011,4
beta_lactam,mab_2875,4
beta_lactam,mbl,4
beta_lactam,mc28_1922,4
beta_lactam,mchl_1758,4
beta_lactam,mdg,4
beta_lactam,mds_2137,4
beta_lactam,meca,4
beta_lactam,mecb,4
beta_lactam,mecc,4
beta_lactam,mecd,4
beta_lactam,meci,4
beta_lactam,mecr1,4
beta_lactam,meg1draft_03063,4
beta_lactam,mext_1480,4
beta_lactam,mhb_001273,4
beta_lactam,mhk_007990,4
beta_lactam,miclodraft_00044210,4
beta_lactam,mir,4
beta_lactam,mmar_1674,4
beta_lactam,mox,4
beta_lactam,mpop_1481,4
beta_lactam,mps_2321,4
beta_lactam,mrca,4
beta_lactam,mrda,4
beta_lactam,msi,4
beta_lactam,msmeg_2658,4
beta_lactam,msmei_3884,4
beta_lactam,mulp_01828,4
beta_lactam,mus,4
beta_lactam,my7_1065,4
beta_lactam,mycrhn_5650,4
beta_lactam,mycsm_02498,4
beta_lactam,n173_04160,4
beta_lactam,n182_02225,4
beta_lactam,n183_06515,4
beta_lactam,n184_08310,4
beta_lactam,n234_27645,4
beta_lactam,n878_07675,4
beta_lactam,n880_16905,4
beta_lactam,na29_04535,4
beta_lactam,na8a_07729,4
beta_lactam,nadlyro1b_1549,4
beta_lactam,nas141_18974,4
beta_lactam,ndas_2388,4
beta_lactam,ndas_2389,4
beta_lactam,ndm,4
beta_lactam,ngal_hambi1189_11740,4
beta_lactam,ngr_c32650,4
beta_lactam,nhu_03651,4
beta_lactam,nmca,4
beta_lactam,nmcr,4
beta_lactam,np83_07915,4
beta_lactam,nps,4
beta_lactam,nrg857_30085,4
beta_lactam,nt90_03710,4
beta_lactam,o166_21360,4
beta_lactam,o59_000556,4
beta_lactam,oa39_00246,4
beta_lactam,oa40_05925,4
beta_lactam,oa45_00590,4
beta_lactam,oa46_09945,4
beta_lactam,och,4
beta_lactam,oi25_4698,4
beta_lactam,oi73_12140,4
beta_lactam,oi73_13275,4
beta_lactam,okp,4
beta_lactam,ooa_14870,4
beta_lactam,ophb3_1536,4
beta_lactam,oprd,4
beta_lactam,or214_01020,4
beta_lactam,ou5_1307,4
beta_lactam,oxa,4
beta_lactam,oxa1,4
beta_lactam,oxa116,4
beta_lactam,oxa9,4
beta_lactam,oxash,4
beta_lactam,oxy,4
beta_lactam,oy17_09145,4
beta_lactam,p23_0303,4
beta_lactam,p308_21355,4
beta_lactam,p355_4283,4
beta_lactam,paal66ix_06808,4
beta_lactam,pagr_g2149,4
beta_lactam,pagr_g2350,4
beta_lactam,panabdraft_1092,4
beta_lactam,pat9b_1950,4
beta_lactam,pb2503_13554,4
beta_lactam,pbp1a,4
beta_lactam,pbp1b,4
beta_lactam,pbp2,4
beta_lactam,pbp2b,4
beta_lactam,pc1,4
beta_lactam,pcl1606_21250,4
beta_lactam,pcryo_1775,4
beta_lactam,pdc,4
beta_lactam,pdendc454_07895,4
beta_lactam,pedo,4
beta_lactam,penp,4
beta_lactam,penpc,4
beta_lactam,per,4
beta_lactam,per1,4
beta_lactam,pf66_02059,4
beta_lactam,pflu_3467,4
beta_lactam,pg5_32970,4
beta_lactam,phamo_510100,4
beta_lactam,pi87_26790,4
beta_lactam,pj15_3374,4
beta_lactam,pl79_26640,4
beta_lactam,pmen_2038,4
beta_lactam,pmi03_00629,4
beta_lactam,pmi05_00160,4
beta_lactam,pmi06_007078,4
beta_lactam,pmi11_04530,4
beta_lactam,pmi12_03407,4
beta_lactam,pmi16_03612,4
beta_lactam,pmi17_02969,4
beta_lactam,pmi18_03355,4
beta_lactam,pmi20_03723,4
beta_lactam,pmi21_04305,4
beta_lactam,pmi22_02065,4
beta_lactam,pmi23_04873,4
beta_lactam,pmi24_01017,4
beta_lactam,pmi25_000918,4
beta_lactam,pmi26_04206,4
beta_lactam,pmi27_002094,4
beta_lactam,pmi28_03401,4
beta_lactam,pmi29_06013,4
beta_lactam,pmi30_03884,4
beta_lactam,pmi31_05012,4
beta_lactam,pmi32_05060,4
beta_lactam,pmi33_05337,4
beta_lactam,pmi34_04648,4
beta_lactam,pmi35_00271,4
beta_lactam,pmi36_02414,4
beta_lactam,pmi37_00545,4
beta_lactam,pmi39_02504,4
beta_lactam,pmi41_04644,4
beta_lactam,pn96_22825,4
beta_lactam,pput_2813,4
beta_lactam,pputgb1_2905,4
beta_lactam,pputw619_2381,4
beta_lactam,propen_03714,4
beta_lactam,prostu_00250,4
beta_lactam,provalcal_02707,4
beta_lactam,provrett_08647,4
beta_lactam,provrust_05757,4
beta_lactam,ps2015_1163,4
beta_lactam,psa268_007,4
beta_lactam,psakl28_20770,4
beta_lactam,pse,4
beta_lactam,pse1,4
beta_lactam,pse4,4
beta_lactam,psebr_a1891,4
beta_lactam,psf07202_057,4
beta_lactam,pte_02723,4
beta_lactam,pte_04072,4
beta_lactam,ptvf89_11505,4
beta_lactam,pu33_13870,4
beta_lactam,q614_sasc00125g0001,4
beta_lactam,qj48_12835,4
beta_lactam,qp59_08460,4
beta_lactam,qq25_13645,4
beta_lactam,qq44_10325,4
beta_lactam,qy95_03548,4
beta_lactam,r39,4
beta_lactam,ra19_23950,4
beta_lactam,rahaq2_4834,4
beta_lactam,rahaq_4870,4
beta_lactam,rd02_10175,4
beta_lactam,reut_a1684,4
beta_lactam,rgccge502_28523,4
beta_lactam,rhein_0458,4
beta_lactam,rhein_2116,4
beta_lactam,rin_00014660,4
beta_lactam,rk21_02363,4
beta_lactam,rl3159,4
beta_lactam,rleg10draft_6104,4
beta_lactam,rleg2_2947,4
beta_lactam,rleg4draft_2512,4
beta_lactam,rleg5draft_2875,4
beta_lactam,rleg9draft_4806,4
beta_lactam,rleg_2695,4
beta_lactam,rm3,4
beta_lactam,rmcb_2111,4
beta_lactam,rmcc_2286,4
beta_lactam,rmcfa_2899,4
beta_lactam,ro07_08790,4
beta_lactam,rob,4
beta_lactam,rod_12321,4
beta_lactam,roma,4
beta_lactam,rpic_3962,4
beta_lactam,rpsi07_mp0046,4
beta_lactam,rpsj,4
beta_lactam,rr32_05590,4
beta_lactam,rr42_s0522,4
beta_lactam,rskd131_3983,4
beta_lactam,rt27_12225,4
beta_lactam,rt27_27150,4
beta_lactam,rt97_13450,4
beta_lactam,rtciat899_pc04360,4
beta_lactam,rw25_25770,4
beta_lactam,rw25_27295,4
beta_lactam,rw25_29605,4
beta_lactam,rw26_04865,4
beta_lactam,rw26_17670,4
beta_lactam,s70_09140,4
beta_lactam,sakor_01889,4
beta_lactam,salbus254_2618,4
beta_lactam,samd00023378_3062,4
beta_lactam,sazu_7360,4
beta_lactam,sb521682_5028,4
beta_lactam,sbal175_0847,4
beta_lactam,sbal175_2141,4
beta_lactam,sbal195_0845,4
beta_lactam,sbal195_2383,4
beta_lactam,sbal223_0838,4
beta_lactam,sbal223_2079,4
beta_lactam,sbal_2086,4
beta_lactam,sbal_3522,4
beta_lactam,sc09_contig24orf00024,4
beta_lactam,sd15574_5202,4
beta_lactam,sd1617_4203,4
beta_lactam,sd53_15990,4
beta_lactam,sdb_00851,4
beta_lactam,sed1,4
beta_lactam,sf123566_7517,4
beta_lactam,sfb,4
beta_lactam,sfh,4
beta_lactam,sfk227_5108,4
beta_lactam,sfk315_4868,4
beta_lactam,sfva6_0091,4
beta_lactam,sg66_19445,4
beta_lactam,sg66_20380,4
beta_lactam,sg71_20105,4
beta_lactam,sg71_24560,4
beta_lactam,sgb_02135,4
beta_lactam,sh09_09290,4
beta_lactam,shd_1818,4
beta_lactam,shewana3_1990,4
beta_lactam,shewana3_3440,4
beta_lactam,shewmr7_2039,4
beta_lactam,shewmr7_3328,4
beta_lactam,shv,4
beta_lactam,shv111,4
beta_lactam,shv5,4
beta_lactam,shvl,4
beta_lactam,sim,4
beta_lactam,sinmeb_3627,4
beta_lactam,sk32_02805,4
beta_lactam,sk35_01966,4
beta_lactam,sk36_03808,4
beta_lactam,sk85_04515,4
beta_lactam,slb,4
beta_lactam,sliq_07845,4
beta_lactam,sm0020_11305,4
beta_lactam,sm8_01675,4
beta_lactam,smb,4
beta_lactam,sme,4
beta_lactam,smed_4921,4
beta_lactam,sn10_19300,4
beta_lactam,sohn41_01775,4
beta_lactam,sp99_00382,4
beta_lactam,spg,4
beta_lactam,spm,4
beta_lactam,spm24t3_07834,4
beta_lactam,sput200_1981,4
beta_lactam,sput200_3270,4
beta_lactam,sputcn32_2029,4
beta_lactam,sputcn32_3157,4
beta_lactam,srt,4
beta_lactam,ss33_21635,4
beta_lactam,ss37_21665,4
beta_lactam,ss37_25035,4
beta_lactam,ss44_20885,4
beta_lactam,sshg_03556,4
beta_lactam,st398nm01_2020,4
beta_lactam,st44_11125,4
beta_lactam,su60_01350,4
beta_lactam,suh3_15695,4
beta_lactam,suh_0014p2,4
beta_lactam,sum_0029,4
beta_lactam,suo_0014p2,4
beta_lactam,sxm_0727,4
beta_lactam,sxm_2059,4
beta_lactam,sz39_1136,4
beta_lactam,sz39_2035,4
beta_lactam,sz39_2149,4
beta_lactam,sz39_2442,4
beta_lactam,t1e_0103,4
beta_lactam,t230_04875,4
beta_lactam,t296_06680,4
beta_lactam,t458_11180,4
beta_lactam,t630_2822,4
beta_lactam,te10_12060,4
beta_lactam,te10_15580,4
beta_lactam,tem,4
beta_lactam,tem1,4
beta_lactam,tem32,4
beta_lactam,teml,4
beta_lactam,temp,4
beta_lactam,thin,4
beta_lactam,thisidraft_0902,4
beta_lactam,tla,4
beta_lactam,tle,4
beta_lactam,tmb1,4
beta_lactam,tn98_10925,4
beta_lactam,tq94_07605,4
beta_lactam,tq94_11775,4
beta_lactam,tu52_03225,4
beta_lactam,tu52_24360,4
beta_lactam,tu52_24550,4
beta_lactam,tu58_17720,4
beta_lactam,tu58_23735,4
beta_lactam,tu62_02400,4
beta_lactam,tu62_14055,4
beta_lactam,tu62_16300,4
beta_lactam,tu62_23900,4
beta_lactam,tu62_31225,4
beta_lactam,tu65_13465,4
beta_lactam,tu65_19470,4
beta_lactam,tu65_24875,4
beta_lactam,tu65_26010,4
beta_lactam,tu68_23125,4
beta_lactam,tu73_12825,4
beta_lactam,tus,4
beta_lactam,ua45_07625,4
beta_lactam,ub44_19355,4
beta_lactam,ub46_32240,4
beta_lactam,uc34_00370,4
beta_lactam,uc41_03510,4
beta_lactam,ucmb321_2366,4
beta_lactam,uk14_14215,4
beta_lactam,um93_16900,4
beta_lactam,un91_24910,4
beta_lactam,uuu_18620,4
beta_lactam,uz38_16325,4
beta_lactam,uz38_19085,4
beta_lactam,v070_01895,4
beta_lactam,v415_06780,4
beta_lactam,vapar_3231,4
beta_lactam,varpa_2415,4
beta_lactam,vcc,4
beta_lactam,veb,4
beta_lactam,vejy3_22156,4
beta_lactam,vex25_a0387,4
beta_lactam,vex25_a1013,4
beta_lactam,vhh,4
beta_lactam,vhw,4
beta_lactam,vi26_15845,4
beta_lactam,vibhar_06370,4
beta_lactam,vibrio,4
beta_lactam,vim,4
beta_lactam,vk90_14775,4
beta_lactam,vk90_19325,4
beta_lactam,vk95_22555,4
beta_lactam,vk98_00160,4
beta_lactam,vl14_10265,4
beta_lactam,vl15_12295,4
beta_lactam,vmc_16480,4
beta_lactam,vmc_37090,4
beta_lactam,vme_06290,4
beta_lactam,vo64_0581,4
beta_lactam,vo68_15095,4
beta_lactam,vo68_17070,4
beta_lactam,vo69_07495,4
beta_lactam,vo69_08595,4
beta_lactam,vo70_16610,4
beta_lactam,vo70_17680,4
beta_lactam,vr43_13910,4
beta_lactam,vw41_01335,4
beta_lactam,wc5_00871,4
beta_lactam,wc7_00171,4
beta_lactam,wco_03797,4
beta_lactam,wew_04326,4
beta_lactam,wg5_05196,4
beta_lactam,wh43_04400,4
beta_lactam,wh43_04590,4
beta_lactam,wh51_03205,4
beta_lactam,wi38_29595,4
beta_lactam,wj33_13645,4
beta_lactam,wj63_05905,4
beta_lactam,wj75_07370,4
beta_lactam,wj87_19210,4
beta_lactam,wk95_28265,4
beta_lactam,wl29_16505,4
beta_lactam,wl73_29435,4
beta_lactam,wl80_09825,4
beta_lactam,wm15_18725,4
beta_lactam,wm16_03815,4
beta_lactam,wn53_20975,4
beta_lactam,wq59_27450,4
beta_lactam,wqg_950,4
beta_lactam,wrsd3_03658,4
beta_lactam,ws45_22090,4
beta_lactam,ws62_15880,4
beta_lactam,ws68_16125,4
beta_lactam,ws70_25295,4
beta_lactam,ws71_01720,4
beta_lactam,ws86_03395,4
beta_lactam,ws86_20025,4
beta_lactam,wt08_17490,4
beta_lactam,wt44_29000,4
beta_lactam,xa26_25690,4
beta_lactam,xb02_00865,4
beta_lactam,xbfm1_2480032,4
beta_lactam,xbi1_1260030,4
beta_lactam,xbj1_2301,4
beta_lactam,xbkb1_170008,4
beta_lactam,xbkq1_120029,4
beta_lactam,xbp1_2830046,4
beta_lactam,xbw1_2050,4
beta_lactam,xd36_3096,4
beta_lactam,xm57_27510,4
beta_lactam,y11_12651,4
beta_lactam,y56,4
beta_lactam,y979_22870,4
beta_lactam,ya64_09330,4
beta_lactam,ybt020_12650,4
beta_lactam,ybt1518_05635,4
beta_lactam,ybt1518_13965,4
beta_lactam,ybt1518_17595,4
beta_lactam,ybt1518_18690,4
beta_lactam,ykris0001_260,4
beta_lactam,ysa_09980,4
beta_lactam,,4
bleomycin,bleomycin,5
bleomycin,turpa_2231,5
chloramphenicol,a225_1960,6
chloramphenicol,a370_04634,6
chloramphenicol,a3782_09770,6
chloramphenicol,a499_24844,6
chloramphenicol,aa984_15495,6
chloramphenicol,aay51_12970,6
chloramphenicol,ab182_14595,6
chloramphenicol,ab432_04625,6
chloramphenicol,abb44_06020,6
chloramphenicol,abed_0729,6
chloramphenicol,abw01_23680,6
chloramphenicol,abw03_04210,6
chloramphenicol,ac624_14110,6
chloramphenicol,acs92_14845,6
chloramphenicol,adl06_32520,6
chloramphenicol,adl13_06810,6
chloramphenicol,adl32_06955,6
chloramphenicol,adm90_08130,6
chloramphenicol,ads79_29250,6
chloramphenicol,adt22_00070,6
chloramphenicol,af332_27215,6
chloramphenicol,af333_29570,6
chloramphenicol,af34_02999,6
chloramphenicol,ak40_1014,6
chloramphenicol,akg37_13355,6
chloramphenicol,am232_20000,6
chloramphenicol,am233_18735,6
chloramphenicol,am499_05690,6
chloramphenicol,am629_13400,6
chloramphenicol,amq84_28155,6
chloramphenicol,amr95_16350,6
chloramphenicol,ams60_00965,6
chloramphenicol,ams62_24270,6
chloramphenicol,an957_06145,6
chloramphenicol,an962_02850,6
chloramphenicol,an964_10735,6
chloramphenicol,an964_13675,6
chloramphenicol,ao896_03550,6
chloramphenicol,aoq70_18255,6
chloramphenicol,aox65_09745,6
chloramphenicol,apt89_17335,6
chloramphenicol,apt96_04865,6
chloramphenicol,aq16_186,6
chloramphenicol,as034_02425,6
chloramphenicol,as196_09195,6
chloramphenicol,ase46_23765,6
chloramphenicol,ase56_11865,6
chloramphenicol,ase68_04225,6
chloramphenicol,asg46_09935,6
chloramphenicol,asg53_08300,6
chloramphenicol,asg65_12470,6
chloramphenicol,asg97_23120,6
chloramphenicol,asg99_13090,6
chloramphenicol,asv07_12980,6
chloramphenicol,at258_07095,6
chloramphenicol,at261_17945,6
chloramphenicol,at270_12175,6
chloramphenicol,at272_13830,6
chloramphenicol,atm99_15730,6
chloramphenicol,atn06_11665,6
chloramphenicol,aul38_02610,6
chloramphenicol,aw879_13615,6
chloramphenicol,awi28_10900,6
chloramphenicol,awi43_09975,6
chloramphenicol,ayk81_08205,6
chloramphenicol,az66_01480,6
chloramphenicol,b4107_1104,6
chloramphenicol,b4144_1796,6
chloramphenicol,b590_25524,6
chloramphenicol,ba70_16450,6
chloramphenicol,baccap_04212,6
chloramphenicol,baci_c23590,6
chloramphenicol,bacuni_00159,6
chloramphenicol,baga_08185,6
chloramphenicol,balcav_0219240,6
chloramphenicol,balh_2148,6
chloramphenicol,bat_2929,6
chloramphenicol,bavi_12359,6
chloramphenicol,bca_2477,6
chloramphenicol,bcah820_2426,6
chloramphenicol,bcere0001_21780,6
chloramphenicol,bcere0004_21800,6
chloramphenicol,bcere0006_22160,6
chloramphenicol,bcere0007_21950,6
chloramphenicol,bcere0009_21450,6
chloramphenicol,bcere0016_22500,6
chloramphenicol,bcere0020_21450,6
chloramphenicol,bcere0021_21960,6
chloramphenicol,bcere0028_21910,6
chloramphenicol,bcerkbab4_2222,6
chloramphenicol,bcrft9_01917,6
chloramphenicol,bg05_3643,6
chloramphenicol,bleg1_0189,6
chloramphenicol,bmyco0002_58280,6
chloramphenicol,bn1090_a2_00516,6
chloramphenicol,bn1180_04911,6
chloramphenicol,bn2127_jrs3_01519,6
chloramphenicol,bn452_01100,6
chloramphenicol,bn488_01641,6
chloramphenicol,bn509_00397,6
chloramphenicol,bn558_00761,6
chloramphenicol,bn612_00522,6
chloramphenicol,bpum_1131,6
chloramphenicol,bthur0007_21640,6
chloramphenicol,bthur0009_21620,6
chloramphenicol,bts2_2475,6
chloramphenicol,c161_10563,6
chloramphenicol,c162_33553,6
chloramphenicol,c169_09248,6
chloramphenicol,c176_21376,6
chloramphenicol,c883_1388,6
chloramphenicol,cat,6
chloramphenicol,cat3,6
chloramphenicol,cat86,6
chloramphenicol,cat_2,6
chloramphenicol,cat_3,6
chloramphenicol,cata1,6
chloramphenicol,cata13,6
chloramphenicol,cata15,6
chloramphenicol,cata16,6
chloramphenicol,cata2,6
chloramphenicol,cata4,6
chloramphenicol,cata5,6
chloramphenicol,catb,6
chloramphenicol,catb10,6
chloramphenicol,catb2,6
chloramphenicol,catb3,6
chloramphenicol,catb6,6
chloramphenicol,catb7,6
chloramphenicol,catb8,6
chloramphenicol,catb9,6
chloramphenicol,catd,6
chloramphenicol,cati,6
chloramphenicol,catii,6
chloramphenicol,catiii,6
chloramphenicol,catp,6
chloramphenicol,catq,6
chloramphenicol,cats,6
chloramphenicol,catu,6
chloramphenicol,cd31_17265,6
chloramphenicol,cdlviii_2656,6
chloramphenicol,chloramphenicol_3,6
chloramphenicol,chloramphenicol_hydrolase,6
chloramphenicol,chloramphenicol_phosphotransferase,6
chloramphenicol,cld_0021,6
chloramphenicol,cll_a2128,6
chloramphenicol,clocel_1050,6
chloramphenicol,closa_2701,6
chloramphenicol,closibun13a_contig66g00733,6
chloramphenicol,clp_1841,6
chloramphenicol,cml,6
chloramphenicol,cmla,6
chloramphenicol,cmla1,6
chloramphenicol,cmla4,6
chloramphenicol,cmla5,6
chloramphenicol,cmla6,6
chloramphenicol,cmla8,6
chloramphenicol,cmlb,6
chloramphenicol,cmlb1,6
chloramphenicol,cmlv,6
chloramphenicol,cmra,6
chloramphenicol,cmx,6
chloramphenicol,csca_3312,6
chloramphenicol,db32_004935,6
chloramphenicol,dp68_01695,6
chloramphenicol,el84_16660,6
chloramphenicol,ent638_1533,6
chloramphenicol,entas_2396,6
chloramphenicol,er45_14990,6
chloramphenicol,er50_02410,6
chloramphenicol,et33_18140,6
chloramphenicol,fb00_00815,6
chloramphenicol,fc68_gl001087,6
chloramphenicol,fc88_gl001386,6
chloramphenicol,fmag_00636,6
chloramphenicol,gbag_2532,6
chloramphenicol,glad_03289,6
chloramphenicol,gy21_09535,6
chloramphenicol,gymc10_3621,6
chloramphenicol,h650_24125,6
chloramphenicol,h9401_2289,6
chloramphenicol,hmpref0202_02929,6
chloramphenicol,hmpref1212_05044,6
chloramphenicol,hmpref1526_02323,6
chloramphenicol,hmpref9412_0771,6
chloramphenicol,hmpref9554_02777,6
chloramphenicol,ic3_00967,6
chloramphenicol,ics_03273,6
chloramphenicol,iei_02717,6
chloramphenicol,ieo_01843,6
chloramphenicol,ig7_02207,6
chloramphenicol,ii9_03113,6
chloramphenicol,iic_03218,6
chloramphenicol,iig_02558,6
chloramphenicol,iii_03076,6
chloramphenicol,iko_01764,6
chloramphenicol,io48_10670,6
chloramphenicol,jcm16418_2339,6
chloramphenicol,jcm19038_2988,6
chloramphenicol,jcm19045_309,6
chloramphenicol,jcm19047_1264,6
chloramphenicol,jcm19055_3274,6
chloramphenicol,jf66_07460,6
chloramphenicol,jp30_06285,6
chloramphenicol,js81_09190,6
chloramphenicol,jt27_16930,6
chloramphenicol,k413draft_0385,6
chloramphenicol,kq1_02303,6
chloramphenicol,ks18_02010,6
chloramphenicol,l360_02059,6
chloramphenicol,l370_02247,6
chloramphenicol,l423_01726,6
chloramphenicol,li62_10805,6
chloramphenicol,li7559_09935,6
chloramphenicol,lpxa,6
chloramphenicol,lri_2025,6
chloramphenicol,m2e15_5831,6
chloramphenicol,m768_10240,6
chloramphenicol,m769_0109450,6
chloramphenicol,m918_20150,6
chloramphenicol,mc28_1628,6
chloramphenicol,mexm,6
chloramphenicol,mts1_02191,6
chloramphenicol,mu9_2880,6
chloramphenicol,n180_04680,6
chloramphenicol,nd00_04320,6
chloramphenicol,nimi,6
chloramphenicol,nitho_7290001,6
chloramphenicol,oa40_16080,6
chloramphenicol,oa45_00670,6
chloramphenicol,oa46_22035,6
chloramphenicol,p364_0117545,6
chloramphenicol,paalts15_11084,6
chloramphenicol,paha3_0954,6
chloramphenicol,pdendc454_06565,6
chloramphenicol,pmi05_03422,6
chloramphenicol,propen_03931,6
chloramphenicol,provrett_09033,6
chloramphenicol,q607_cbuc00214g0114,6
chloramphenicol,qj48_02690,6
chloramphenicol,qr42_05840,6
chloramphenicol,rumobe_04223,6
chloramphenicol,sf12_15700,6
chloramphenicol,sg71_02085,6
chloramphenicol,sk32_02286,6
chloramphenicol,sked_12550,6
chloramphenicol,sm8_04379,6
chloramphenicol,sp99_00894,6
chloramphenicol,sr38_06470,6
chloramphenicol,ss33_18555,6
chloramphenicol,ss37_24770,6
chloramphenicol,tq39_15890,6
chloramphenicol,tu52_21310,6
chloramphenicol,tu62_26660,6
chloramphenicol,tu65_24405,6
chloramphenicol,uak_02230,6
chloramphenicol,ub47_19735,6
chloramphenicol,up17_01645,6
chloramphenicol,uz38_30635,6
chloramphenicol,vk91_10900,6
chloramphenicol,vk95_20590,6
chloramphenicol,vt50_06085,6
chloramphenicol,w824_05930,6
chloramphenicol,wq54_10930,6
chloramphenicol,wq59_12165,6
chloramphenicol,x276_10040,6
chloramphenicol,xi25_15495,6
chloramphenicol,xj18_07905,6
chloramphenicol,ybt020_12220,6
elfamycin,fact,7
elfamycin,tufab,7
ethambutol,emba,8
ethambutol,inia,8
ethambutol,inic,8
fosfomycin,bleo,9
fosfomycin,borrelia,9
fosfomycin,foma,9
fosfomycin,fomb,9
fosfomycin,fosa,9
fosfomycin,fosa2,9
fosfomycin,fosa3,9
fosfomycin,fosa4,9
fosfomycin,fosa5,9
fosfomycin,fosa6,9
fosfomycin,fosa7,9
fosfomycin,fosb,9
fosfomycin,fosb1,9
fosfomycin,fosb2,9
fosfomycin,fosb3,9
fosfomycin,fosb_2,9
fosfomycin,fosb_3,9
fosfomycin,fosb_7,9
fosfomycin,fosc,9
fosfomycin,fosc2,9
fosfomycin,fosk,9
fosfomycin,fosx,9
fosfomycin,mura,9
fosfomycin,yndn,9
fosmidomycin,fsr,10
fosmidomycin,rosa,10
fusidic_acid,fusb,11
fusidic_acid,fusc,11
fusidic_acid,fusd,11
fusidic_acid,fuse,11
fusidic_acid,fush,11
glycopeptide,arnd,12
glycopeptide,brp,12
glycopeptide,ddla,12
glycopeptide,sco3595,12
glycopeptide,vana,12
glycopeptide,vanb,12
glycopeptide,vanc,12
glycopeptide,vanc1,12
glycopeptide,vand,12
glycopeptide,vane,12
glycopeptide,vanf,12
glycopeptide,vang,12
glycopeptide,vanh,12
glycopeptide,vanha,12
glycopeptide,vanhb,12
glycopeptide,vanhd,12
glycopeptide,vanhf,12
glycopeptide,vanhm,12
glycopeptide,vanho,12
glycopeptide,vani,12
glycopeptide,vanj,12
glycopeptide,vanki,12
glycopeptide,vanl,12
glycopeptide,vanm,12
glycopeptide,vann,12
glycopeptide,vano,12
glycopeptide,vanra,12
glycopeptide,vanrb,12
glycopeptide,vanrc,12
glycopeptide,vanrd,12
glycopeptide,vanre,12
glycopeptide,vanrf,12
glycopeptide,vanrg,12
glycopeptide,vanri,12
glycopeptide,vanrl,12
glycopeptide,vanrm,12
glycopeptide,vanrn,12
glycopeptide,vanro,12
glycopeptide,vansa,12
glycopeptide,vansb,12
glycopeptide,vansc,12
glycopeptide,vansc3,12
glycopeptide,vansd,12
glycopeptide,vanse,12
glycopeptide,vansf,12
glycopeptide,vansg,12
glycopeptide,vansi,12
glycopeptide,vansl,12
glycopeptide,vansm,12
glycopeptide,vansn,12
glycopeptide,vanso,12
glycopeptide,vantc,12
glycopeptide,vante,12
glycopeptide,vantg,12
glycopeptide,vantml,12
glycopeptide,vantn,12
glycopeptide,vantrl,12
glycopeptide,vanug,12
glycopeptide,vanvb,12
glycopeptide,vanwb,12
glycopeptide,vanwg,12
glycopeptide,vanwi,12
glycopeptide,vanx,12
glycopeptide,vanxa,12
glycopeptide,vanxb,12
glycopeptide,vanxd,12
glycopeptide,vanxf,12
glycopeptide,vanxi,12
glycopeptide,vanxm,12
glycopeptide,vanxo,12
glycopeptide,vanxyc,12
glycopeptide,vanxye,12
glycopeptide,vanxyg,12
glycopeptide,vanxyl,12
glycopeptide,vanxyn,12
glycopeptide,vany,12
glycopeptide,vanya,12
glycopeptide,vanyb,12
glycopeptide,vanyd,12
glycopeptide,vanyf,12
glycopeptide,vanyg1,12
glycopeptide,vanym,12
glycopeptide,vanz,12
glycopeptide,vanza,12
glycopeptide,vanzf,12
isoniazid,etha,13
isoniazid,fabi,13
isoniazid,inib,13
isoniazid,kasa,13
isoniazid,katg,13
kasugamycin,aac(2'),14
kasugamycin,ksga,14
macrolide-lincosamide-streptogramin,aax16_03865,15
macrolide-lincosamide-streptogramin,ai28_01875,15
macrolide-lincosamide-streptogramin,ams22_10315,15
macrolide-lincosamide-streptogramin,apu02_14045,15
macrolide-lincosamide-streptogramin,ase93_02570,15
macrolide-lincosamide-streptogramin,at03_06410,15
macrolide-lincosamide-streptogramin,brpe67_acds28220,15
macrolide-lincosamide-streptogramin,cara,15
macrolide-lincosamide-streptogramin,chrb,15
macrolide-lincosamide-streptogramin,desr,15
macrolide-lincosamide-streptogramin,emta,15
macrolide-lincosamide-streptogramin,erea,15
macrolide-lincosamide-streptogramin,erea2,15
macrolide-lincosamide-streptogramin,ereb,15
macrolide-lincosamide-streptogramin,erm,15
macrolide-lincosamide-streptogramin,erm(30),15
macrolide-lincosamide-streptogramin,erm(31),15
macrolide-lincosamide-streptogramin,erm(33),15
macrolide-lincosamide-streptogramin,erm(34),15
macrolide-lincosamide-streptogramin,erm(35),15
macrolide-lincosamide-streptogramin,erm(36),15
macrolide-lincosamide-streptogramin,erm(37),15
macrolide-lincosamide-streptogramin,erm(38),15
macrolide-lincosamide-streptogramin,erm(39),15
macrolide-lincosamide-streptogramin,erm(41),15
macrolide-lincosamide-streptogramin,erm(42),15
macrolide-lincosamide-streptogramin,erm(43),15
macrolide-lincosamide-streptogramin,erm(44),15
macrolide-lincosamide-streptogramin,erm(47),15
macrolide-lincosamide-streptogramin,erm(a),15
macrolide-lincosamide-streptogramin,erm(b),15
macrolide-lincosamide-streptogramin,erm(e),15
macrolide-lincosamide-streptogramin,erma,15
macrolide-lincosamide-streptogramin,ermb,15
macrolide-lincosamide-streptogramin,ermc,15
macrolide-lincosamide-streptogramin,ermd,15
macrolide-lincosamide-streptogramin,erme,15
macrolide-lincosamide-streptogramin,ermf,15
macrolide-lincosamide-streptogramin,ermg,15
macrolide-lincosamide-streptogramin,ermh,15
macrolide-lincosamide-streptogramin,ermn,15
macrolide-lincosamide-streptogramin,ermo,15
macrolide-lincosamide-streptogramin,ermq,15
macrolide-lincosamide-streptogramin,ermr,15
macrolide-lincosamide-streptogramin,erms,15
macrolide-lincosamide-streptogramin,ermt,15
macrolide-lincosamide-streptogramin,ermu,15
macrolide-lincosamide-streptogramin,ermv,15
macrolide-lincosamide-streptogramin,ermw,15
macrolide-lincosamide-streptogramin,ermx,15
macrolide-lincosamide-streptogramin,ermy,15
macrolide-lincosamide-streptogramin,geam_1419,15
macrolide-lincosamide-streptogramin,ghal_1908,15
macrolide-lincosamide-streptogramin,gima,15
macrolide-lincosamide-streptogramin,glnq,15
macrolide-lincosamide-streptogramin,gm31_23085,15
macrolide-lincosamide-streptogramin,gtgu_04410,15
macrolide-lincosamide-streptogramin,h740_10307,15
macrolide-lincosamide-streptogramin,hdef_0539,15
macrolide-lincosamide-streptogramin,hmpref9120_00664,15
macrolide-lincosamide-streptogramin,hmpref9309_01063,15
macrolide-lincosamide-streptogramin,lina,15
macrolide-lincosamide-streptogramin,linan,15
macrolide-lincosamide-streptogramin,linb,15
macrolide-lincosamide-streptogramin,ling,15
macrolide-lincosamide-streptogramin,llma,15
macrolide-lincosamide-streptogramin,lmra,15
macrolide-lincosamide-streptogramin,lmrb,15
macrolide-lincosamide-streptogramin,lmrc,15
macrolide-lincosamide-streptogramin,lmrd,15
macrolide-lincosamide-streptogramin,lnu,15
macrolide-lincosamide-streptogramin,lnua,15
macrolide-lincosamide-streptogramin,lnub,15
macrolide-lincosamide-streptogramin,lnuc,15
macrolide-lincosamide-streptogramin,lnud,15
macrolide-lincosamide-streptogramin,lnue,15
macrolide-lincosamide-streptogramin,lnuf,15
macrolide-lincosamide-streptogramin,lnug,15
macrolide-lincosamide-streptogramin,lsae,15
macrolide-lincosamide-streptogramin,m621_20535,15
macrolide-lincosamide-streptogramin,maca,15
macrolide-lincosamide-streptogramin,macb,15
macrolide-lincosamide-streptogramin,macb1,15
macrolide-lincosamide-streptogramin,macb2,15
macrolide-lincosamide-streptogramin,macb21,15
macrolide-lincosamide-streptogramin,macb_1,15
macrolide-lincosamide-streptogramin,macb_2,15
macrolide-lincosamide-streptogramin,macb_3,15
macrolide-lincosamide-streptogramin,macb_4,15
macrolide-lincosamide-streptogramin,macb_5,15
macrolide-lincosamide-streptogramin,macb_6,15
macrolide-lincosamide-streptogramin,macb_7,15
macrolide-lincosamide-streptogramin,mef,15
macrolide-lincosamide-streptogramin,mefa,15
macrolide-lincosamide-streptogramin,mefb,15
macrolide-lincosamide-streptogramin,mefc,15
macrolide-lincosamide-streptogramin,mefe,15
macrolide-lincosamide-streptogramin,mel,15
macrolide-lincosamide-streptogramin,mgt,15
macrolide-lincosamide-streptogramin,mgta,15
macrolide-lincosamide-streptogramin,mph,15
macrolide-lincosamide-streptogramin,mph(a),15
macrolide-lincosamide-streptogramin,mph(b),15
macrolide-lincosamide-streptogramin,mph(c),15
macrolide-lincosamide-streptogramin,mph(d),15
macrolide-lincosamide-streptogramin,mph(e),15
macrolide-lincosamide-streptogramin,mph(g),15
macrolide-lincosamide-streptogramin,mph(i),15
macrolide-lincosamide-streptogramin,mpha,15
macrolide-lincosamide-streptogramin,mphb,15
macrolide-lincosamide-streptogramin,mphc,15
macrolide-lincosamide-streptogramin,mphd,15
macrolide-lincosamide-streptogramin,mphe,15
macrolide-lincosamide-streptogramin,mphg,15
macrolide-lincosamide-streptogramin,mphi,15
macrolide-lincosamide-streptogramin,mrx,15
macrolide-lincosamide-streptogramin,msra,15
macrolide-lincosamide-streptogramin,msrb,15
macrolide-lincosamide-streptogramin,msrc,15
macrolide-lincosamide-streptogramin,msrd,15
macrolide-lincosamide-streptogramin,msre,15
macrolide-lincosamide-streptogramin,myra,15
macrolide-lincosamide-streptogramin,oleb,15
macrolide-lincosamide-streptogramin,olec,15
macrolide-lincosamide-streptogramin,oled,15
macrolide-lincosamide-streptogramin,olei,15
macrolide-lincosamide-streptogramin,oler,15
macrolide-lincosamide-streptogramin,pm0996,15
macrolide-lincosamide-streptogramin,psef,15
macrolide-lincosamide-streptogramin,rahaq2_0060,15
macrolide-lincosamide-streptogramin,rlma(ii),15
macrolide-lincosamide-streptogramin,rlmh,15
macrolide-lincosamide-streptogramin,rod_35091,15
macrolide-lincosamide-streptogramin,seho0a_04458,15
macrolide-lincosamide-streptogramin,spm24t3_16860,15
macrolide-lincosamide-streptogramin,srmb,15
macrolide-lincosamide-streptogramin,syfd,15
macrolide-lincosamide-streptogramin,tlrb,15
macrolide-lincosamide-streptogramin,tlrc,15
macrolide-lincosamide-streptogramin,tsnr,15
macrolide-lincosamide-streptogramin,turpa_2231,15
macrolide-lincosamide-streptogramin,vata,15
macrolide-lincosamide-streptogramin,vatb,15
macrolide-lincosamide-streptogramin,vatc,15
macrolide-lincosamide-streptogramin,vatd,15
macrolide-lincosamide-streptogramin,vate,15
macrolide-lincosamide-streptogramin,vatf,15
macrolide-lincosamide-streptogramin,vath,15
macrolide-lincosamide-streptogramin,vati,15
macrolide-lincosamide-streptogramin,vgaa,15
macrolide-lincosamide-streptogramin,vgaalc,15
macrolide-lincosamide-streptogramin,vgac,15
macrolide-lincosamide-streptogramin,vgae,15
macrolide-lincosamide-streptogramin,vgb,15
macrolide-lincosamide-streptogramin,vgb_1,15
macrolide-lincosamide-streptogramin,vgb_2,15
macrolide-lincosamide-streptogramin,vgba,15
macrolide-lincosamide-streptogramin,vgbb,15
macrolide-lincosamide-streptogramin,vgbc,15
macrolide-lincosamide-streptogramin,wt83_28940,15
macrolide-lincosamide-streptogramin,xk97_10945,15
macrolide-lincosamide-streptogramin,xtle,15
macrolide-lincosamide-streptogramin,ybjz,15
multidrug,abca,16
multidrug,abem,16
multidrug,abes,16
multidrug,acra,16
multidrug,acrb,16
multidrug,acre,16
multidrug,acrf,16
multidrug,acrr,16
multidrug,acrs,16
multidrug,adea,16
multidrug,adeb,16
multidrug,adec,16
multidrug,adef,16
multidrug,adeg,16
multidrug,adeh,16
multidrug,adei,16
multidrug,adej,16
multidrug,adek,16
multidrug,adel,16
multidrug,aden,16
multidrug,ader,16
multidrug,ades,16
multidrug,amra,16
multidrug,amrb,16
multidrug,arlr,16
multidrug,arls,16
multidrug,armr,16
multidrug,arpa,16
multidrug,arpb,16
multidrug,arpc,16
multidrug,asma,16
multidrug,axyx,16
multidrug,axyy,16
multidrug,axyz,16
multidrug,baer,16
multidrug,baes,16
multidrug,bcr,16
multidrug,bepe,16
multidrug,ble,16
multidrug,bmr,16
multidrug,bn1184_cb_00500,16
multidrug,cdea,16
multidrug,ceoa,16
multidrug,ceob,16
multidrug,cfr,16
multidrug,cfr(b),16
multidrug,cfrc,16
multidrug,cipa,16
multidrug,clba,16
multidrug,clbb,16
multidrug,clbc,16
multidrug,cmea,16
multidrug,cmeb,16
multidrug,cmec,16
multidrug,cmer,16
multidrug,cpxa,16
multidrug,cpxr,16
multidrug,crp,16
multidrug,drra,16
multidrug,eatav,16
multidrug,efma,16
multidrug,efpa,16
multidrug,efra,16
multidrug,efrb,16
multidrug,emea,16
multidrug,emra,16
multidrug,emrb,16
multidrug,emrd,16
multidrug,emre,16
multidrug,emrk,16
multidrug,emrr,16
multidrug,emry,16
multidrug,evga,16
multidrug,evgs,16
multidrug,fara,16
multidrug,farb,16
multidrug,fexa,16
multidrug,flor,16
multidrug,gade,16
multidrug,gadw,16
multidrug,gadx,16
multidrug,gols,16
multidrug,gyra,16
multidrug,h,16
multidrug,hlyd,16
multidrug,hmrm,16
multidrug,hp1181,16
multidrug,hp1184,16
multidrug,lmra,16
multidrug,lmrp,16
multidrug,lpea,16
multidrug,lpeb,16
multidrug,lsaa,16
multidrug,lsab,16
multidrug,lsac,16
multidrug,mara,16
multidrug,marr,16
multidrug,mdfa,16
multidrug,mdr,16
multidrug,mdsa,16
multidrug,mdsb,16
multidrug,mdsc,16
multidrug,mdta,16
multidrug,mdtb,16
multidrug,mdtc,16
multidrug,mdtd,16
multidrug,mdte,16
multidrug,mdtf,16
multidrug,mdtg,16
multidrug,mdth,16
multidrug,mdtk,16
multidrug,mdtl,16
multidrug,mdtm,16
multidrug,mdtn,16
multidrug,mdto,16
multidrug,mdtp,16
multidrug,mdtq,16
multidrug,mepa,16
multidrug,mepb,16
multidrug,mepc,16
multidrug,mexa,16
multidrug,mexb,16
multidrug,mexc,16
multidrug,mexd,16
multidrug,mexe,16
multidrug,mexf,16
multidrug,mexg,16
multidrug,mexh,16
multidrug,mexi,16
multidrug,mexj,16
multidrug,mexk,16
multidrug,mexl,16
multidrug,mexn,16
multidrug,mexp,16
multidrug,mexq,16
multidrug,mexr,16
multidrug,mexs,16
multidrug,mext,16
multidrug,mexv,16
multidrug,mexw,16
multidrug,mexx,16
multidrug,mexy,16
multidrug,mexz,16
multidrug,mgra,16
multidrug,mgrb,16
multidrug,msba,16
multidrug,mtra,16
multidrug,mtrc,16
multidrug,mtrd,16
multidrug,mtre,16
multidrug,mtrr,16
multidrug,muxa,16
multidrug,muxb,16
multidrug,muxc,16
multidrug,nalc,16
multidrug,nald,16
multidrug,nora,16
multidrug,norb,16
multidrug,norm,16
multidrug,omp36,16
multidrug,ompf,16
multidrug,ompr,16
multidrug,opcm,16
multidrug,opmb,16
multidrug,opmd,16
multidrug,opme,16
multidrug,opra,16
multidrug,oprj,16
multidrug,oprm,16
multidrug,oprn,16
multidrug,oprz,16
multidrug,optra,16
multidrug,phoq,16
multidrug,pmpm,16
multidrug,pmra,16
multidrug,porb,16
multidrug,pp,16
multidrug,qepa,16
multidrug,rama,16
multidrug,ramr,16
multidrug,rbam_005660,16
multidrug,rlmn,16
multidrug,rlmn2,16
multidrug,roba,16
multidrug,rpob,16
multidrug,sala,16
multidrug,sav1866,16
multidrug,sdia,16
multidrug,smea,16
multidrug,smeb,16
multidrug,smec,16
multidrug,smed,16
multidrug,smee,16
multidrug,smef,16
multidrug,smer,16
multidrug,smes,16
multidrug,tet,16
multidrug,tetab,16
multidrug,tetc,16
multidrug,tetr,16
multidrug,tolc,16
multidrug,ttga,16
multidrug,ttgb,16
multidrug,ttgc,16
multidrug,type,16
multidrug,vgab,16
multidrug,vgad,16
multidrug,ycel,16
multidrug,ykkc,16
multidrug,ykkd,16
mupirocin,iles,17
mupirocin,iles1,17
mupirocin,iles2,17
mupirocin,mupa,17
mupirocin,mupb,17
nitroimidazole,nima,18
nitroimidazole,nimb,18
nitroimidazole,nimc,18
nitroimidazole,nimd,18
nitroimidazole,nime,18
nitroimidazole,nimi,18
nitroimidazole,nimj,18
peptide,bcrb,19
peptide,cls,19
peptide,edeq,19
peptide,lpxc,19
peptide,mprf,19
peptide,pgsa,19
peptide,phop,19
peptide,rpob,19
peptide,rpoc,19
peptide,viomycin,19
peptide,vph,19
peptide,yoji,19
pleuromutilin,taea,20
polymyxin,abj99_5169,21
polymyxin,alo51_04846,21
polymyxin,alo63_02771,21
polymyxin,alo68_05557,21
polymyxin,alo78_02187,21
polymyxin,alo81_02621,21
polymyxin,alo90_00035,21
polymyxin,arna,21
polymyxin,arna_1,21
polymyxin,arna_2,21
polymyxin,arnc,21
polymyxin,arnc_1,21
polymyxin,arnc_3,21
polymyxin,basr,21
polymyxin,bass,21
polymyxin,edwata_01448,21
polymyxin,epta,21
polymyxin,g039_0306900,21
polymyxin,mcr,21
polymyxin,nj69_08675,21
polymyxin,pbgp,21
polymyxin,pgpb,21
polymyxin,pmra,21
polymyxin,pmrb,21
polymyxin,pmrc,21
polymyxin,pmre,21
polymyxin,pmrf,21
polymyxin,pmrf_1,21
polymyxin,pmrf_2,21
polymyxin,por16_00582,21
polymyxin,psyja_07768,21
polymyxin,psymo_20503,21
polymyxin,rosa,21
polymyxin,rosb,21
polymyxin,sb521682_2635,21
polymyxin,yfbe3,21
polymyxin,yfbf,21
polymyxin,yfbg,21
puromycin,pac,22
puromycin,pur8,22
qa_compound,emre,23
qa_compound,qac,23
qa_compound,qacd,23
quinolone,blt,24
quinolone,gyra,24
quinolone,gyrb,24
quinolone,lrfa,24
quinolone,mfd,24
quinolone,mfpa,24
quinolone,oqxa,24
quinolone,oqxb,24
quinolone,parc,24
quinolone,pare,24
quinolone,pata,24
quinolone,patb,24
quinolone,pmra,24
quinolone,qaca,24
quinolone,qacb,24
quinolone,qacf,24
quinolone,qach,24
quinolone,qnra1,24
quinolone,qnra2,24
quinolone,qnra3,24
quinolone,qnra4,24
quinolone,qnra5,24
quinolone,qnra6,24
quinolone,qnra7,24
quinolone,qnrb,24
quinolone,qnrb1,24
quinolone,qnrb10,24
quinolone,qnrb11,24
quinolone,qnrb12,24
quinolone,qnrb13,24
quinolone,qnrb14,24
quinolone,qnrb15,24
quinolone,qnrb16,24
quinolone,qnrb17,24
quinolone,qnrb18,24
quinolone,qnrb19,24
quinolone,qnrb2,24
quinolone,qnrb20,24
quinolone,qnrb21,24
quinolone,qnrb22,24
quinolone,qnrb23,24
quinolone,qnrb24,24
quinolone,qnrb25,24
quinolone,qnrb26,24
quinolone,qnrb27,24
quinolone,qnrb28,24
quinolone,qnrb29,24
quinolone,qnrb3,24
quinolone,qnrb30,24
quinolone,qnrb31,24
quinolone,qnrb32,24
quinolone,qnrb33,24
quinolone,qnrb34,24
quinolone,qnrb35,24
quinolone,qnrb36,24
quinolone,qnrb37,24
quinolone,qnrb38,24
quinolone,qnrb4,24
quinolone,qnrb40,24
quinolone,qnrb41,24
quinolone,qnrb42,24
quinolone,qnrb43,24
quinolone,qnrb44,24
quinolone,qnrb45,24
quinolone,qnrb46,24
quinolone,qnrb47,24
quinolone,qnrb48,24
quinolone,qnrb49,24
quinolone,qnrb5,24
quinolone,qnrb50,24
quinolone,qnrb54,24
quinolone,qnrb55,24
quinolone,qnrb56,24
quinolone,qnrb57,24
quinolone,qnrb58,24
quinolone,qnrb59,24
quinolone,qnrb6,24
quinolone,qnrb60,24
quinolone,qnrb61,24
quinolone,qnrb62,24
quinolone,qnrb64,24
quinolone,qnrb65,24
quinolone,qnrb66,24
quinolone,qnrb67,24
quinolone,qnrb68,24
quinolone,qnrb69,24
quinolone,qnrb70,24
quinolone,qnrb71,24
quinolone,qnrb72,24
quinolone,qnrb73,24
quinolone,qnrb74,24
quinolone,qnrb8,24
quinolone,qnrb9,24
quinolone,qnrc,24
quinolone,qnrd1,24
quinolone,qnrd2,24
quinolone,qnrs,24
quinolone,qnrs1,24
quinolone,qnrs2,24
quinolone,qnrs3,24
quinolone,qnrs4,24
quinolone,qnrs5,24
quinolone,qnrs6,24
quinolone,qnrs7,24
quinolone,qnrs8,24
quinolone,qnrs9,24
quinolone,qnrvc1,24
quinolone,qnrvc3,24
quinolone,qnrvc4,24
quinolone,qnrvc5,24
quinolone,qnrvc6,24
quinolone,qnrvc7,24
quinolone,rpob,24
quinolone,vpa0095,24
rifampin,arr,25
rifampin,iri,25
rifampin,rbpa,25
rifampin,rgt1438,25
rifampin,rif,25
rifampin,rpha,25
rifampin,rphb,25
rifampin,rpob,25
streptothricin,estx,26
streptothricin,sat,26
streptothricin,sta,26
sulfonamide,folp,27
sulfonamide,leuo,27
sulfonamide,mext,27
sulfonamide,sul,27
sulfonamide,sul1,27
sulfonamide,sul2,27
sulfonamide,sul3,27
sulfonamide,sula,27
tetracenomycin,tcma,28
tetracycline,fusa,29
tetracycline,mepr,29
tetracycline,mt1297,29
tetracycline,otr(b),29
tetracycline,otra,29
tetracycline,otrb,29
tetracycline,otrc,29
tetracycline,tap,29
tetracycline,tcr3,29
tetracycline,tet,29
tetracycline,tet(30),29
tetracycline,tet(33),29
tetracycline,tet(39),29
tetracycline,tet(41),29
tetracycline,tet(44),29
tetracycline,tet(45),29
tetracycline,tet(a),29
tetracycline,tet(b),29
tetracycline,tet(c),29
tetracycline,tet(d),29
tetracycline,tet(e),29
tetracycline,tet(g),29
tetracycline,tet(h),29
tetracycline,tet(j),29
tetracycline,tet(k),29
tetracycline,tet(l),29
tetracycline,tet(v),29
tetracycline,tet(z),29
tetracycline,tet31,29
tetracycline,tet32,29
tetracycline,tet33,29
tetracycline,tet34,29
tetracycline,tet35,29
tetracycline,tet36,29
tetracycline,tet37,29
tetracycline,tet38,29
tetracycline,tet39,29
tetracycline,tet40,29
tetracycline,tet41,29
tetracycline,tet42,29
tetracycline,tet44,29
tetracycline,teta,29
tetracycline,teta(46),29
tetracycline,teta(48),29
tetracycline,teta(60),29
tetracycline,teta(p),29
tetracycline,tetb,29
tetracycline,tetb(46),29
tetracycline,tetb(48),29
tetracycline,tetb(60),29
tetracycline,tetb(p),29
tetracycline,tetc,29
tetracycline,tetd,29
tetracycline,tete,29
tetracycline,tetg,29
tetracycline,teth,29
tetracycline,tetj,29
tetracycline,tetk,29
tetracycline,tetl,29
tetracycline,tetm,29
tetracycline,teto,29
tetracycline,tetpa,29
tetracycline,tetpb,29
tetracycline,tetq,29
tetracycline,tetr,29
tetracycline,tets,29
tetracycline,tett,29
tetracycline,tetv,29
tetracycline,tetw,29
tetracycline,tetx,29
tetracycline,tety,29
tetracycline,tetz,29
tetracycline,tufab,29
thiostrepton,tsnr,30
triclosan,opmh,31
triclosan,tria,31
triclosan,trib,31
triclosan,tric,31
trimethoprim,dfr,32
trimethoprim,dfra,32
trimethoprim,dfra1,32
trimethoprim,dfra10,32
trimethoprim,dfra12,32
trimethoprim,dfra13,32
trimethoprim,dfra14,32
trimethoprim,dfra15,32
trimethoprim,dfra16,32
trimethoprim,dfra17,32
trimethoprim,dfra19,32
trimethoprim,dfra20,32
trimethoprim,dfra21,32
trimethoprim,dfra22,32
trimethoprim,dfra23,32
trimethoprim,dfra24,32
trimethoprim,dfra25,32
trimethoprim,dfra26,32
trimethoprim,dfra3,32
trimethoprim,dfra5,32
trimethoprim,dfra7,32
trimethoprim,dfra8,32
trimethoprim,dfrb,32
trimethoprim,dfrb1,32
trimethoprim,dfrb2,32
trimethoprim,dfrb3,32
trimethoprim,dfrb6,32
trimethoprim,dfrb7,32
trimethoprim,dfrc,32
trimethoprim,dfrd,32
trimethoprim,dfre,32
trimethoprim,dfrg,32
trimethoprim,dfri,32
trimethoprim,dfrk,32
tunicamycin,tmrb,33